<?xml version="1.0" encoding="utf-8"?>
<ModelInformation Version="1.0">
  <Model>
    <P Name="ModelUUID">a7a6bb17-ee05-4b04-8b73-84671f43940c</P>
    <P Name="SLXCompressionType">None</P>
    <P Name="LastSavedArchitecture">win64</P>
    <UserParameters>
      <P Name="PhysicalModelingChecksum">3339766184</P>
      <P Name="PhysicalModelingParameterChecksum">3325974302</P>
      <P Name="PhysicalModelingProducts">SimMechanics|Simscape</P>
    </UserParameters>
    <ConfigManagerSettings>
      <P Name="ModifiedByFormat">%&lt;Auto&gt;</P>
      <P Name="ModifiedDateFormat">%&lt;Auto&gt;</P>
      <P Name="ModelVersionFormat">%&lt;AutoIncrement:1.2&gt;</P>
    </ConfigManagerSettings>
    <SimulationSettings>
      <P Name="SimulationMode">normal</P>
      <Object PropName="DataLoggingOverride" ObjectID="1" ClassName="Simulink.SimulationData.ModelLoggingInfo">
        <P Name="model_" Class="char">$bdroot</P>
        <P Name="overrideMode_" Class="uint32">0U</P>
        <Array PropName="logAsSpecifiedByModels_" Type="Cell" Dimension="1*1">
          <Cell Class="char">$bdroot</Cell>
        </Array>
        <Array PropName="logAsSpecifiedByModelsSSIDs_" Type="Cell" Dimension="1*1">
          <Cell Class="double">[]</Cell>
        </Array>
      </Object>
    </SimulationSettings>
    <EngineSettings>
      <P Name="ConfigurableSubsystemUsage">warning</P>
    </EngineSettings>
    <ConcurrentExecutionSettings>
      <Object PropName="DataTransfer" ObjectID="2" ClassName="Simulink.GlobalDataTransfer">
        <P Name="DefaultTransitionBetweenSyncTasks" Class="char">Ensure deterministic transfer (maximum delay)</P>
        <P Name="DefaultTransitionBetweenAsyncTasks" Class="char">Ensure data integrity only</P>
        <P Name="DefaultTransitionBetweenContTasks" Class="char">Ensure deterministic transfer (minimum delay)</P>
        <P Name="DefaultExtrapolationMethodBetweenContTasks" Class="char">None</P>
      </Object>
    </ConcurrentExecutionSettings>
    <ModelWorkspace>
      <P Name="WSDataSource">MATLAB File</P>
      <P Name="WSSourceFileName">C:\Users\User\Downloads\final\Assem1_DataFile.m</P>
    </ModelWorkspace>
    <System Ref="system_root"/>
  </Model>
</ModelInformation>
