{
    "GraphicalInterface":{
        "ExternalFileReferences":[
            {
                "Path":"$bdroot\/Black_Exterieur_Groupe_AllCATPart_1_RIGID\/ReferenceFrame",
                "Reference":"sm_lib\/Frames and\nTransforms\/Reference\nFrame",
                "SID":"21",
                "Type":"LIBRARY_BLOCK"
            },
            {
                "Path":"$bdroot\/Black_Exterieur_Groupe_AllCATPart_1_RIGID\/Solid",
                "Reference":"sm_lib\/Body Elements\/File Solid",
                "SID":"22",
                "Type":"LIBRARY_BLOCK"
            },
            {
                "Path":"$bdroot\/Black_Exterieur_Groupe_AllCATPart_1_RIGID\/Transform",
                "Reference":"sm_lib\/Frames and\nTransforms\/Rigid\nTransform",
                "SID":"23",
                "Type":"LIBRARY_BLOCK"
            },
            {
                "Path":"$bdroot\/Black_Exterieur_Groupe_AllCATPart_1_RIGID\/Transform1",
                "Reference":"sm_lib\/Frames and\nTransforms\/Rigid\nTransform",
                "SID":"24",
                "Type":"LIBRARY_BLOCK"
            },
            {
                "Path":"$bdroot\/Croission_AllCATPart_stp_1_RIGID\/ReferenceFrame",
                "Reference":"sm_lib\/Frames and\nTransforms\/Reference\nFrame",
                "SID":"27",
                "Type":"LIBRARY_BLOCK"
            },
            {
                "Path":"$bdroot\/Croission_AllCATPart_stp_1_RIGID\/Solid",
                "Reference":"sm_lib\/Body Elements\/File Solid",
                "SID":"28",
                "Type":"LIBRARY_BLOCK"
            },
            {
                "Path":"$bdroot\/Croission_AllCATPart_stp_1_RIGID\/Transform",
                "Reference":"sm_lib\/Frames and\nTransforms\/Rigid\nTransform",
                "SID":"29",
                "Type":"LIBRARY_BLOCK"
            },
            {
                "Path":"$bdroot\/Croission_AllCATPart_stp_1_RIGID\/Transform1",
                "Reference":"sm_lib\/Frames and\nTransforms\/Rigid\nTransform",
                "SID":"30",
                "Type":"LIBRARY_BLOCK"
            },
            {
                "Path":"$bdroot\/Cylindrical Joint",
                "Reference":"sm_lib\/Joints\/Cylindrical\nJoint",
                "SID":"81",
                "Type":"LIBRARY_BLOCK"
            },
            {
                "Path":"$bdroot\/Cylindrical Joint1",
                "Reference":"sm_lib\/Joints\/Cylindrical\nJoint",
                "SID":"83",
                "Type":"LIBRARY_BLOCK"
            },
            {
                "Path":"$bdroot\/EPAULE_CYLINDRE_GROUPE1_AllCATPart_stp_1_RIGID\/ReferenceFrame",
                "Reference":"sm_lib\/Frames and\nTransforms\/Reference\nFrame",
                "SID":"33",
                "Type":"LIBRARY_BLOCK"
            },
            {
                "Path":"$bdroot\/EPAULE_CYLINDRE_GROUPE1_AllCATPart_stp_1_RIGID\/Solid",
                "Reference":"sm_lib\/Body Elements\/File Solid",
                "SID":"34",
                "Type":"LIBRARY_BLOCK"
            },
            {
                "Path":"$bdroot\/EPAULE_CYLINDRE_GROUPE1_AllCATPart_stp_1_RIGID\/Transform",
                "Reference":"sm_lib\/Frames and\nTransforms\/Rigid\nTransform",
                "SID":"35",
                "Type":"LIBRARY_BLOCK"
            },
            {
                "Path":"$bdroot\/EPAULE_CYLINDRE_GROUPE1_AllCATPart_stp_1_RIGID\/Transform1",
                "Reference":"sm_lib\/Frames and\nTransforms\/Rigid\nTransform",
                "SID":"36",
                "Type":"LIBRARY_BLOCK"
            },
            {
                "Path":"$bdroot\/EPAULE_CYLINDRE_GROUPE2_AllCATPart_1_RIGID\/ReferenceFrame",
                "Reference":"sm_lib\/Frames and\nTransforms\/Reference\nFrame",
                "SID":"39",
                "Type":"LIBRARY_BLOCK"
            },
            {
                "Path":"$bdroot\/EPAULE_CYLINDRE_GROUPE2_AllCATPart_1_RIGID\/Solid",
                "Reference":"sm_lib\/Body Elements\/File Solid",
                "SID":"40",
                "Type":"LIBRARY_BLOCK"
            },
            {
                "Path":"$bdroot\/EPAULE_CYLINDRE_GROUPE2_AllCATPart_1_RIGID\/Transform",
                "Reference":"sm_lib\/Frames and\nTransforms\/Rigid\nTransform",
                "SID":"41",
                "Type":"LIBRARY_BLOCK"
            },
            {
                "Path":"$bdroot\/EPAULE_CYLINDRE_GROUPE2_AllCATPart_1_RIGID\/Transform1",
                "Reference":"sm_lib\/Frames and\nTransforms\/Rigid\nTransform",
                "SID":"42",
                "Type":"LIBRARY_BLOCK"
            },
            {
                "Path":"$bdroot\/Externale_Black_stp_1_RIGID\/ReferenceFrame",
                "Reference":"sm_lib\/Frames and\nTransforms\/Reference\nFrame",
                "SID":"45",
                "Type":"LIBRARY_BLOCK"
            },
            {
                "Path":"$bdroot\/Externale_Black_stp_1_RIGID\/Solid",
                "Reference":"sm_lib\/Body Elements\/File Solid",
                "SID":"46",
                "Type":"LIBRARY_BLOCK"
            },
            {
                "Path":"$bdroot\/Externale_Black_stp_1_RIGID\/Transform",
                "Reference":"sm_lib\/Frames and\nTransforms\/Rigid\nTransform",
                "SID":"47",
                "Type":"LIBRARY_BLOCK"
            },
            {
                "Path":"$bdroot\/Externale_Black_stp_1_RIGID\/Transform1",
                "Reference":"sm_lib\/Frames and\nTransforms\/Rigid\nTransform",
                "SID":"48",
                "Type":"LIBRARY_BLOCK"
            },
            {
                "Path":"$bdroot\/Fix_shoulder_AllCATPart_1_RIGID\/ReferenceFrame",
                "Reference":"sm_lib\/Frames and\nTransforms\/Reference\nFrame",
                "SID":"51",
                "Type":"LIBRARY_BLOCK"
            },
            {
                "Path":"$bdroot\/Fix_shoulder_AllCATPart_1_RIGID\/Solid",
                "Reference":"sm_lib\/Body Elements\/File Solid",
                "SID":"52",
                "Type":"LIBRARY_BLOCK"
            },
            {
                "Path":"$bdroot\/Fix_shoulder_AllCATPart_1_RIGID\/Transform",
                "Reference":"sm_lib\/Frames and\nTransforms\/Rigid\nTransform",
                "SID":"53",
                "Type":"LIBRARY_BLOCK"
            },
            {
                "Path":"$bdroot\/Fix_shoulder_AllCATPart_1_RIGID\/Transform1",
                "Reference":"sm_lib\/Frames and\nTransforms\/Rigid\nTransform",
                "SID":"54",
                "Type":"LIBRARY_BLOCK"
            },
            {
                "Path":"$bdroot\/Fix_shoulder_AllCATPart_1_RIGID\/Transform2",
                "Reference":"sm_lib\/Frames and\nTransforms\/Rigid\nTransform",
                "SID":"55",
                "Type":"LIBRARY_BLOCK"
            },
            {
                "Path":"$bdroot\/Groupe_Croission_AllCATPart_1_RIGID\/ReferenceFrame",
                "Reference":"sm_lib\/Frames and\nTransforms\/Reference\nFrame",
                "SID":"60",
                "Type":"LIBRARY_BLOCK"
            },
            {
                "Path":"$bdroot\/Groupe_Croission_AllCATPart_1_RIGID\/Solid",
                "Reference":"sm_lib\/Body Elements\/File Solid",
                "SID":"61",
                "Type":"LIBRARY_BLOCK"
            },
            {
                "Path":"$bdroot\/Groupe_Croission_AllCATPart_1_RIGID\/Transform",
                "Reference":"sm_lib\/Frames and\nTransforms\/Rigid\nTransform",
                "SID":"62",
                "Type":"LIBRARY_BLOCK"
            },
            {
                "Path":"$bdroot\/Groupe_Croission_AllCATPart_1_RIGID\/Transform1",
                "Reference":"sm_lib\/Frames and\nTransforms\/Rigid\nTransform",
                "SID":"63",
                "Type":"LIBRARY_BLOCK"
            },
            {
                "Path":"$bdroot\/Groupe_Croission_AllCATPart_1_RIGID\/Transform2",
                "Reference":"sm_lib\/Frames and\nTransforms\/Rigid\nTransform",
                "SID":"64",
                "Type":"LIBRARY_BLOCK"
            },
            {
                "Path":"$bdroot\/MechanismConfiguration",
                "Reference":"sm_lib\/Utilities\/Mechanism\nConfiguration",
                "SID":"9",
                "Type":"LIBRARY_BLOCK"
            },
            {
                "Path":"$bdroot\/Revolute",
                "Reference":"sm_lib\/Joints\/Revolute Joint",
                "SID":"10",
                "Type":"LIBRARY_BLOCK"
            },
            {
                "Path":"$bdroot\/Revolute Joint",
                "Reference":"sm_lib\/Joints\/Revolute Joint",
                "SID":"82",
                "Type":"LIBRARY_BLOCK"
            },
            {
                "Path":"$bdroot\/Revolute1",
                "Reference":"sm_lib\/Joints\/Revolute Joint",
                "SID":"11",
                "Type":"LIBRARY_BLOCK"
            },
            {
                "Path":"$bdroot\/Revolute2",
                "Reference":"sm_lib\/Joints\/Revolute Joint",
                "SID":"12",
                "Type":"LIBRARY_BLOCK"
            },
            {
                "Path":"$bdroot\/Revolute3",
                "Reference":"sm_lib\/Joints\/Revolute Joint",
                "SID":"13",
                "Type":"LIBRARY_BLOCK"
            },
            {
                "Path":"$bdroot\/Revolute5",
                "Reference":"sm_lib\/Joints\/Revolute Joint",
                "SID":"15",
                "Type":"LIBRARY_BLOCK"
            },
            {
                "Path":"$bdroot\/Solver Configuration",
                "Reference":"nesl_utility\/Solver\nConfiguration",
                "SID":"80",
                "Type":"LIBRARY_BLOCK"
            },
            {
                "Path":"$bdroot\/Spherical Joint",
                "Reference":"sm_lib\/Joints\/Spherical\nJoint",
                "SID":"84",
                "Type":"LIBRARY_BLOCK"
            },
            {
                "Path":"$bdroot\/Transform",
                "Reference":"sm_lib\/Frames and\nTransforms\/Rigid\nTransform",
                "SID":"17",
                "Type":"LIBRARY_BLOCK"
            },
            {
                "Path":"$bdroot\/VERIN_EPAULE_TIGE_GROUPE2_3_AllCATPart_1_RIGID\/ReferenceFrame",
                "Reference":"sm_lib\/Frames and\nTransforms\/Reference\nFrame",
                "SID":"68",
                "Type":"LIBRARY_BLOCK"
            },
            {
                "Path":"$bdroot\/VERIN_EPAULE_TIGE_GROUPE2_3_AllCATPart_1_RIGID\/Solid",
                "Reference":"sm_lib\/Body Elements\/File Solid",
                "SID":"69",
                "Type":"LIBRARY_BLOCK"
            },
            {
                "Path":"$bdroot\/VERIN_EPAULE_TIGE_GROUPE2_3_AllCATPart_1_RIGID\/Transform",
                "Reference":"sm_lib\/Frames and\nTransforms\/Rigid\nTransform",
                "SID":"70",
                "Type":"LIBRARY_BLOCK"
            },
            {
                "Path":"$bdroot\/VERIN_EPAULE_TIGE_GROUPE2_3_AllCATPart_1_RIGID\/Transform1",
                "Reference":"sm_lib\/Frames and\nTransforms\/Rigid\nTransform",
                "SID":"71",
                "Type":"LIBRARY_BLOCK"
            },
            {
                "Path":"$bdroot\/VERIN_TIGE_EPAULE1_2_1_RIGID\/ReferenceFrame",
                "Reference":"sm_lib\/Frames and\nTransforms\/Reference\nFrame",
                "SID":"74",
                "Type":"LIBRARY_BLOCK"
            },
            {
                "Path":"$bdroot\/VERIN_TIGE_EPAULE1_2_1_RIGID\/Solid",
                "Reference":"sm_lib\/Body Elements\/File Solid",
                "SID":"75",
                "Type":"LIBRARY_BLOCK"
            },
            {
                "Path":"$bdroot\/VERIN_TIGE_EPAULE1_2_1_RIGID\/Transform",
                "Reference":"sm_lib\/Frames and\nTransforms\/Rigid\nTransform",
                "SID":"76",
                "Type":"LIBRARY_BLOCK"
            },
            {
                "Path":"$bdroot\/VERIN_TIGE_EPAULE1_2_1_RIGID\/Transform1",
                "Reference":"sm_lib\/Frames and\nTransforms\/Rigid\nTransform",
                "SID":"77",
                "Type":"LIBRARY_BLOCK"
            },
            {
                "Path":"$bdroot\/World",
                "Reference":"sm_lib\/Frames and\nTransforms\/World Frame",
                "SID":"20",
                "Type":"LIBRARY_BLOCK"
            }
        ],
        "PreCompExecutionDomainType":"Unset",
        "SimulinkSubDomainType":"Simulink",
        "SolverName":"VariableStepAuto"
    }
}