<?xml version="1.0" encoding="UTF-8"?>
<sltp_graph version="1.1" packageUris="http://schema.mathworks.com/mf0/sltp_mm/R2024b_202402211119">
  <sltp.mm.core.Context type="sltp.mm.core.Context" uuid="f1836da4-db98-4913-9b47-98747b16ee99">
    <priorityDirection>HighNumberLast</priorityDirection>
    <defaultEventBehavior type="sltp.mm.core.EventBehavior" uuid="a93b94e8-d401-4e54-8b8c-c108aa6b1316"/>
    <editorState type="sltp.mm.core.EditorState" uuid="b359afa9-be9e-4c28-95c3-b4cc8ab2ca0d">
      <isSynchronized>true</isSynchronized>
      <panelState type="sltp.mm.core.EditorPanelState" uuid="77b7e36b-0b58-43b0-b303-35c58d36c587"/>
    </editorState>
    <rootTask type="sltp.mm.core.Task" uuid="ba000ed7-c5e5-4102-bdf8-ccbe6e4c6cd5">
      <context type="sltp.mm.core.Context" uuid="f1836da4-db98-4913-9b47-98747b16ee99"/>
      <explicit>false</explicit>
      <name>Default</name>
      <priority>-2147483648</priority>
      <subgraph type="sltp.mm.core.Graph" uuid="ece25b98-2dce-4bcb-b375-b1a2aa176975">
        <tasks type="sltp.mm.core.Task" uuid="635f9280-7d5a-479a-aae5-d43c1d169e87">
          <baseTask>true</baseTask>
          <context type="sltp.mm.core.Context" uuid="f1836da4-db98-4913-9b47-98747b16ee99"/>
          <explicit>false</explicit>
          <id>1</id>
          <isTimed>true</isTimed>
          <name>Cont</name>
          <priority>40</priority>
          <rates type="sltp.mm.core.Rate" uuid="ed7b2344-6395-4be7-a2b4-bb0a2f458071">
            <annotation>Cont</annotation>
            <color>255</color>
            <hasBlocks>true</hasBlocks>
            <identifier>Continuous00</identifier>
            <rateIndex>0</rateIndex>
            <rateSpec type="sltp.mm.core.RateSpec">
              <period>0.0</period>
            </rateSpec>
            <sti>0</sti>
          </rates>
        </tasks>
      </subgraph>
    </rootTask>
  </sltp.mm.core.Context>
</sltp_graph>