<?xml version="1.0" encoding="UTF-8"?>
<sltp_editor version="1.1" packageUris="http://schema.mathworks.com/mf0/DiagramEditor/R2019a_20181107 http://schema.mathworks.com/mf0/SltpSyntax/R2024b_202402211148">
  <sltp.mm.syntax.Context type="sltp.mm.syntax.Context" uuid="1c8864f0-3a14-456e-853d-3912ba9c48ed">
    <rootGraph type="sltp.mm.syntax.Graph" uuid="6f8038f6-08b0-4863-aaec-df5bc746d56e">
      <children type="sltp.mm.syntax.Node" uuid="8f7192ae-d559-4c74-99f0-54e819f4a74c">
        <priority>40</priority>
        <rates type="sltp.mm.syntax.RateData">
          <color>#000000</color>
          <hasBlocks>true</hasBlocks>
          <rate>0</rate>
          <title>Cont</title>
        </rates>
        <title>Cont</title>
        <type>base</type>
        <diagramElement type="diagram.editor.model.Entity" uuid="b988afd4-7304-4075-b472-f0f8eee9d538"/>
        <subgraph type="sltp.mm.syntax.Graph" uuid="b5b59af6-641a-4d0d-a92a-3c4c97366c34">
          <title>Cont</title>
          <diagramElement type="diagram.editor.model.Diagram" uuid="7a6c5549-bd7c-47e8-94ba-bcbd8b056a2e"/>
        </subgraph>
      </children>
      <title>Default</title>
      <diagramElement type="diagram.editor.model.Diagram" uuid="d80a3047-75da-44b9-b9ac-adcd2e327b9b"/>
    </rootGraph>
  </sltp.mm.syntax.Context>
  <diagram.editor.model.Diagram type="diagram.editor.model.Diagram" uuid="d80a3047-75da-44b9-b9ac-adcd2e327b9b">
    <entities type="diagram.editor.model.Entity" uuid="b988afd4-7304-4075-b472-f0f8eee9d538">
      <position>0,0</position>
      <size>0,0,0,0</size>
      <syntaxElement type="sltp.mm.syntax.Node" uuid="8f7192ae-d559-4c74-99f0-54e819f4a74c"/>
      <title>Cont</title>
      <type>base</type>
      <subDiagram type="diagram.editor.model.Diagram" uuid="7a6c5549-bd7c-47e8-94ba-bcbd8b056a2e">
        <position>0,0</position>
        <syntaxElement type="sltp.mm.syntax.Graph" uuid="b5b59af6-641a-4d0d-a92a-3c4c97366c34"/>
        <title>Cont</title>
        <type>graph.Graph</type>
      </subDiagram>
    </entities>
    <syntaxElement type="sltp.mm.syntax.Graph" uuid="6f8038f6-08b0-4863-aaec-df5bc746d56e"/>
    <title>Default</title>
    <type>graph.Graph</type>
  </diagram.editor.model.Diagram>
</sltp_editor>