{
    "GraphicalInterface":{
        "ExternalFileReferences":[
            {
                "Path":"$bdroot\/CUBE_stp_1_RIGID\/ReferenceFrame",
                "Reference":"sm_lib\/Frames and\nTransforms\/Reference\nFrame",
                "SID":"19",
                "Type":"LIBRARY_BLOCK"
            },
            {
                "Path":"$bdroot\/CUBE_stp_1_RIGID\/Solid",
                "Reference":"sm_lib\/Body Elements\/File Solid",
                "SID":"20",
                "Type":"LIBRARY_BLOCK"
            },
            {
                "Path":"$bdroot\/CUBE_stp_1_RIGID\/Transform",
                "Reference":"sm_lib\/Frames and\nTransforms\/Rigid\nTransform",
                "SID":"21",
                "Type":"LIBRARY_BLOCK"
            },
            {
                "Path":"$bdroot\/CUBE_stp_1_RIGID\/Transform1",
                "Reference":"sm_lib\/Frames and\nTransforms\/Rigid\nTransform",
                "SID":"22",
                "Type":"LIBRARY_BLOCK"
            },
            {
                "Path":"$bdroot\/CUBE_stp_1_RIGID\/Transform2",
                "Reference":"sm_lib\/Frames and\nTransforms\/Rigid\nTransform",
                "SID":"23",
                "Type":"LIBRARY_BLOCK"
            },
            {
                "Path":"$bdroot\/Cylindrical",
                "Reference":"sm_lib\/Joints\/Cylindrical\nJoint",
                "SID":"2",
                "Type":"LIBRARY_BLOCK"
            },
            {
                "Path":"$bdroot\/Female_fork_1_RIGID\/ReferenceFrame",
                "Reference":"sm_lib\/Frames and\nTransforms\/Reference\nFrame",
                "SID":"27",
                "Type":"LIBRARY_BLOCK"
            },
            {
                "Path":"$bdroot\/Female_fork_1_RIGID\/Solid",
                "Reference":"sm_lib\/Body Elements\/File Solid",
                "SID":"28",
                "Type":"LIBRARY_BLOCK"
            },
            {
                "Path":"$bdroot\/Female_fork_1_RIGID\/Transform",
                "Reference":"sm_lib\/Frames and\nTransforms\/Rigid\nTransform",
                "SID":"29",
                "Type":"LIBRARY_BLOCK"
            },
            {
                "Path":"$bdroot\/Female_fork_1_RIGID\/Transform1",
                "Reference":"sm_lib\/Frames and\nTransforms\/Rigid\nTransform",
                "SID":"30",
                "Type":"LIBRARY_BLOCK"
            },
            {
                "Path":"$bdroot\/Female_fork_1_RIGID\/Transform2",
                "Reference":"sm_lib\/Frames and\nTransforms\/Rigid\nTransform",
                "SID":"31",
                "Type":"LIBRARY_BLOCK"
            },
            {
                "Path":"$bdroot\/MechanismConfiguration",
                "Reference":"sm_lib\/Utilities\/Mechanism\nConfiguration",
                "SID":"4",
                "Type":"LIBRARY_BLOCK"
            },
            {
                "Path":"$bdroot\/PID Controller",
                "Reference":"slpidlib\/PID Controller",
                "SID":"101",
                "Type":"LIBRARY_BLOCK"
            },
            {
                "Path":"$bdroot\/PIN2_1_RIGID\/ReferenceFrame",
                "Reference":"sm_lib\/Frames and\nTransforms\/Reference\nFrame",
                "SID":"35",
                "Type":"LIBRARY_BLOCK"
            },
            {
                "Path":"$bdroot\/PIN2_1_RIGID\/Solid",
                "Reference":"sm_lib\/Body Elements\/File Solid",
                "SID":"36",
                "Type":"LIBRARY_BLOCK"
            },
            {
                "Path":"$bdroot\/PIN2_1_RIGID\/Transform",
                "Reference":"sm_lib\/Frames and\nTransforms\/Rigid\nTransform",
                "SID":"37",
                "Type":"LIBRARY_BLOCK"
            },
            {
                "Path":"$bdroot\/PIN2_2_RIGID\/ReferenceFrame",
                "Reference":"sm_lib\/Frames and\nTransforms\/Reference\nFrame",
                "SID":"39",
                "Type":"LIBRARY_BLOCK"
            },
            {
                "Path":"$bdroot\/PIN2_2_RIGID\/Solid",
                "Reference":"sm_lib\/Body Elements\/File Solid",
                "SID":"40",
                "Type":"LIBRARY_BLOCK"
            },
            {
                "Path":"$bdroot\/PIN2_2_RIGID\/Transform",
                "Reference":"sm_lib\/Frames and\nTransforms\/Rigid\nTransform",
                "SID":"41",
                "Type":"LIBRARY_BLOCK"
            },
            {
                "Path":"$bdroot\/PIN_1_1_RIGID\/ReferenceFrame",
                "Reference":"sm_lib\/Frames and\nTransforms\/Reference\nFrame",
                "SID":"43",
                "Type":"LIBRARY_BLOCK"
            },
            {
                "Path":"$bdroot\/PIN_1_1_RIGID\/Solid",
                "Reference":"sm_lib\/Body Elements\/File Solid",
                "SID":"44",
                "Type":"LIBRARY_BLOCK"
            },
            {
                "Path":"$bdroot\/PIN_1_1_RIGID\/Transform",
                "Reference":"sm_lib\/Frames and\nTransforms\/Rigid\nTransform",
                "SID":"45",
                "Type":"LIBRARY_BLOCK"
            },
            {
                "Path":"$bdroot\/PIN_1_1_RIGID\/Transform1",
                "Reference":"sm_lib\/Frames and\nTransforms\/Rigid\nTransform",
                "SID":"46",
                "Type":"LIBRARY_BLOCK"
            },
            {
                "Path":"$bdroot\/PS-Simulink Converter",
                "Reference":"nesl_utility\/PS-Simulink\nConverter",
                "SID":"96",
                "Type":"LIBRARY_BLOCK"
            },
            {
                "Path":"$bdroot\/Parallel",
                "Reference":"sm_lib\/Constraints\/Angle\nConstraint",
                "SID":"8",
                "Type":"LIBRARY_BLOCK"
            },
            {
                "Path":"$bdroot\/Planar",
                "Reference":"sm_lib\/Joints\/Planar Joint",
                "SID":"9",
                "Type":"LIBRARY_BLOCK"
            },
            {
                "Path":"$bdroot\/Prismatic",
                "Reference":"sm_lib\/Joints\/Prismatic\nJoint",
                "SID":"10",
                "Type":"LIBRARY_BLOCK"
            },
            {
                "Path":"$bdroot\/Revolute",
                "Reference":"sm_lib\/Joints\/Revolute Joint",
                "SID":"11",
                "Type":"LIBRARY_BLOCK"
            },
            {
                "Path":"$bdroot\/Revolute1",
                "Reference":"sm_lib\/Joints\/Revolute Joint",
                "SID":"12",
                "Type":"LIBRARY_BLOCK"
            },
            {
                "Path":"$bdroot\/Revolute2",
                "Reference":"sm_lib\/Joints\/Revolute Joint",
                "SID":"13",
                "Type":"LIBRARY_BLOCK"
            },
            {
                "Path":"$bdroot\/Simulink-PS Converter",
                "Reference":"nesl_utility\/Simulink-PS\nConverter",
                "SID":"98",
                "Type":"LIBRARY_BLOCK"
            },
            {
                "Path":"$bdroot\/Solver Configuration",
                "Reference":"nesl_utility\/Solver\nConfiguration",
                "SID":"91",
                "Type":"LIBRARY_BLOCK"
            },
            {
                "Path":"$bdroot\/Transform",
                "Reference":"sm_lib\/Frames and\nTransforms\/Rigid\nTransform",
                "SID":"14",
                "Type":"LIBRARY_BLOCK"
            },
            {
                "Path":"$bdroot\/World",
                "Reference":"sm_lib\/Frames and\nTransforms\/World Frame",
                "SID":"15",
                "Type":"LIBRARY_BLOCK"
            },
            {
                "Path":"$bdroot\/crank_Assembly_1_RIGID\/HANDLE_2_RIGID\/ReferenceFrame",
                "Reference":"sm_lib\/Frames and\nTransforms\/Reference\nFrame",
                "SID":"60",
                "Type":"LIBRARY_BLOCK"
            },
            {
                "Path":"$bdroot\/crank_Assembly_1_RIGID\/HANDLE_2_RIGID\/Solid",
                "Reference":"sm_lib\/Body Elements\/File Solid",
                "SID":"61",
                "Type":"LIBRARY_BLOCK"
            },
            {
                "Path":"$bdroot\/crank_Assembly_1_RIGID\/ReferenceFrame",
                "Reference":"sm_lib\/Frames and\nTransforms\/Reference\nFrame",
                "SID":"50",
                "Type":"LIBRARY_BLOCK"
            },
            {
                "Path":"$bdroot\/crank_Assembly_1_RIGID\/SHAFT_1_RIGID\/ReferenceFrame",
                "Reference":"sm_lib\/Frames and\nTransforms\/Reference\nFrame",
                "SID":"63",
                "Type":"LIBRARY_BLOCK"
            },
            {
                "Path":"$bdroot\/crank_Assembly_1_RIGID\/SHAFT_1_RIGID\/Solid",
                "Reference":"sm_lib\/Body Elements\/File Solid",
                "SID":"64",
                "Type":"LIBRARY_BLOCK"
            },
            {
                "Path":"$bdroot\/crank_Assembly_1_RIGID\/Transform",
                "Reference":"sm_lib\/Frames and\nTransforms\/Rigid\nTransform",
                "SID":"52",
                "Type":"LIBRARY_BLOCK"
            },
            {
                "Path":"$bdroot\/crank_Assembly_1_RIGID\/Transform1",
                "Reference":"sm_lib\/Frames and\nTransforms\/Rigid\nTransform",
                "SID":"53",
                "Type":"LIBRARY_BLOCK"
            },
            {
                "Path":"$bdroot\/crank_Assembly_1_RIGID\/Transform2",
                "Reference":"sm_lib\/Frames and\nTransforms\/Rigid\nTransform",
                "SID":"54",
                "Type":"LIBRARY_BLOCK"
            },
            {
                "Path":"$bdroot\/crank_Assembly_1_RIGID\/Transform3",
                "Reference":"sm_lib\/Frames and\nTransforms\/Rigid\nTransform",
                "SID":"55",
                "Type":"LIBRARY_BLOCK"
            },
            {
                "Path":"$bdroot\/crank_Assembly_1_RIGID\/Transform4",
                "Reference":"sm_lib\/Frames and\nTransforms\/Rigid\nTransform",
                "SID":"56",
                "Type":"LIBRARY_BLOCK"
            },
            {
                "Path":"$bdroot\/crank_Assembly_1_RIGID\/bar_6_RIGID\/ReferenceFrame",
                "Reference":"sm_lib\/Frames and\nTransforms\/Reference\nFrame",
                "SID":"66",
                "Type":"LIBRARY_BLOCK"
            },
            {
                "Path":"$bdroot\/crank_Assembly_1_RIGID\/bar_6_RIGID\/Solid",
                "Reference":"sm_lib\/Body Elements\/File Solid",
                "SID":"67",
                "Type":"LIBRARY_BLOCK"
            },
            {
                "Path":"$bdroot\/male_fork_stp_2_RIGID\/ReferenceFrame",
                "Reference":"sm_lib\/Frames and\nTransforms\/Reference\nFrame",
                "SID":"69",
                "Type":"LIBRARY_BLOCK"
            },
            {
                "Path":"$bdroot\/male_fork_stp_2_RIGID\/Solid",
                "Reference":"sm_lib\/Body Elements\/File Solid",
                "SID":"70",
                "Type":"LIBRARY_BLOCK"
            },
            {
                "Path":"$bdroot\/male_fork_stp_2_RIGID\/Transform",
                "Reference":"sm_lib\/Frames and\nTransforms\/Rigid\nTransform",
                "SID":"71",
                "Type":"LIBRARY_BLOCK"
            },
            {
                "Path":"$bdroot\/male_fork_stp_2_RIGID\/Transform1",
                "Reference":"sm_lib\/Frames and\nTransforms\/Rigid\nTransform",
                "SID":"72",
                "Type":"LIBRARY_BLOCK"
            },
            {
                "Path":"$bdroot\/male_fork_stp_2_RIGID\/Transform2",
                "Reference":"sm_lib\/Frames and\nTransforms\/Rigid\nTransform",
                "SID":"73",
                "Type":"LIBRARY_BLOCK"
            },
            {
                "Path":"$bdroot\/male_fork_stp_2_RIGID\/Transform3",
                "Reference":"sm_lib\/Frames and\nTransforms\/Rigid\nTransform",
                "SID":"74",
                "Type":"LIBRARY_BLOCK"
            },
            {
                "Path":"$bdroot\/male_fork_stp_2_RIGID\/Transform4",
                "Reference":"sm_lib\/Frames and\nTransforms\/Rigid\nTransform",
                "SID":"75",
                "Type":"LIBRARY_BLOCK"
            },
            {
                "Path":"$bdroot\/support_3_RIGID\/ReferenceFrame",
                "Reference":"sm_lib\/Frames and\nTransforms\/Reference\nFrame",
                "SID":"81",
                "Type":"LIBRARY_BLOCK"
            },
            {
                "Path":"$bdroot\/support_3_RIGID\/Solid",
                "Reference":"sm_lib\/Body Elements\/File Solid",
                "SID":"82",
                "Type":"LIBRARY_BLOCK"
            },
            {
                "Path":"$bdroot\/support_3_RIGID\/Transform",
                "Reference":"sm_lib\/Frames and\nTransforms\/Rigid\nTransform",
                "SID":"83",
                "Type":"LIBRARY_BLOCK"
            },
            {
                "Path":"$bdroot\/support_3_RIGID\/Transform1",
                "Reference":"sm_lib\/Frames and\nTransforms\/Rigid\nTransform",
                "SID":"84",
                "Type":"LIBRARY_BLOCK"
            },
            {
                "Path":"$bdroot\/support_3_RIGID\/Transform2",
                "Reference":"sm_lib\/Frames and\nTransforms\/Rigid\nTransform",
                "SID":"85",
                "Type":"LIBRARY_BLOCK"
            },
            {
                "Path":"$bdroot\/support_3_RIGID\/Transform3",
                "Reference":"sm_lib\/Frames and\nTransforms\/Rigid\nTransform",
                "SID":"86",
                "Type":"LIBRARY_BLOCK"
            }
        ],
        "PreCompExecutionDomainType":"Unset",
        "SimulinkSubDomainType":"Simulink",
        "SolverName":"VariableStepAuto",
        "TestPointedSignals":[
            {
                "Decimation":2,
                "FullBlockPath":"$bdroot\/Gain",
                "LogSignal":true,
                "MaxPoints":5000,
                "SignalName":""
            }
        ]
    }
}