<?xml version="1.0" encoding="UTF-8"?>
<sltp_editor version="1.1" packageUris="http://schema.mathworks.com/mf0/DiagramEditor/R2019a_20181107 http://schema.mathworks.com/mf0/SltpSyntax/R2024b_202402211148">
  <sltp.mm.syntax.Context type="sltp.mm.syntax.Context" uuid="3e48d532-b698-4960-986b-f76d85d9ddbd">
    <rootGraph type="sltp.mm.syntax.Graph" uuid="a263a17a-d251-4ed7-a7ef-560397b35968">
      <children type="sltp.mm.syntax.Node" uuid="c91deadb-7986-4e33-8d4b-befccfef3b73">
        <priority>40</priority>
        <rates type="sltp.mm.syntax.RateData">
          <color>#000000</color>
          <hasBlocks>true</hasBlocks>
          <rate>0</rate>
          <title>Cont</title>
        </rates>
        <rates type="sltp.mm.syntax.RateData">
          <color>#7d7d7d</color>
          <rate>[0, 1]</rate>
          <title>FiM</title>
        </rates>
        <rates type="sltp.mm.syntax.RateData">
          <color>#ff453a</color>
          <hasBlocks>true</hasBlocks>
          <rate>0.5</rate>
          <title>D1</title>
        </rates>
        <title>Cont</title>
        <type>base</type>
        <diagramElement type="diagram.editor.model.Entity" uuid="5be5e41b-d95e-429d-bb4c-654efc789bb6"/>
        <subgraph type="sltp.mm.syntax.Graph" uuid="99052ddc-9e66-4073-9997-56be33d0bebd">
          <title>Cont</title>
          <diagramElement type="diagram.editor.model.Diagram" uuid="7a577846-48d8-42ce-9bfd-9d0df092e956"/>
        </subgraph>
      </children>
      <title>Default</title>
      <diagramElement type="diagram.editor.model.Diagram" uuid="f1afbff6-9f23-48f3-a504-0a70af7481a2"/>
    </rootGraph>
  </sltp.mm.syntax.Context>
  <diagram.editor.model.Diagram type="diagram.editor.model.Diagram" uuid="f1afbff6-9f23-48f3-a504-0a70af7481a2">
    <entities type="diagram.editor.model.Entity" uuid="5be5e41b-d95e-429d-bb4c-654efc789bb6">
      <position>0,0</position>
      <size>0,0,0,0</size>
      <syntaxElement type="sltp.mm.syntax.Node" uuid="c91deadb-7986-4e33-8d4b-befccfef3b73"/>
      <title>Cont</title>
      <type>base</type>
      <subDiagram type="diagram.editor.model.Diagram" uuid="7a577846-48d8-42ce-9bfd-9d0df092e956">
        <position>0,0</position>
        <syntaxElement type="sltp.mm.syntax.Graph" uuid="99052ddc-9e66-4073-9997-56be33d0bebd"/>
        <title>Cont</title>
        <type>graph.Graph</type>
      </subDiagram>
    </entities>
    <syntaxElement type="sltp.mm.syntax.Graph" uuid="a263a17a-d251-4ed7-a7ef-560397b35968"/>
    <title>Default</title>
    <type>graph.Graph</type>
  </diagram.editor.model.Diagram>
</sltp_editor>