<?xml version="1.0" encoding="UTF-8"?>
<sltp_graph version="1.1" packageUris="http://schema.mathworks.com/mf0/sltp_mm/R2024b_202402211119">
  <sltp.mm.core.Context type="sltp.mm.core.Context" uuid="7d690ba0-b318-4276-98d7-dc7a424b3526">
    <priorityDirection>HighNumberLast</priorityDirection>
    <defaultEventBehavior type="sltp.mm.core.EventBehavior" uuid="8064424f-2163-4e44-a48d-e388d52aa646"/>
    <editorState type="sltp.mm.core.EditorState" uuid="dc62e33b-b71f-40c3-8270-0082ed386cc8">
      <isSynchronized>true</isSynchronized>
      <panelState type="sltp.mm.core.EditorPanelState" uuid="0ccb96eb-e32a-469b-8d71-5e3013719248"/>
    </editorState>
    <rootTask type="sltp.mm.core.Task" uuid="b3cb6ccd-1fff-4dba-9fe5-43c1bead6601">
      <context type="sltp.mm.core.Context" uuid="7d690ba0-b318-4276-98d7-dc7a424b3526"/>
      <explicit>false</explicit>
      <name>Default</name>
      <priority>-2147483648</priority>
      <subgraph type="sltp.mm.core.Graph" uuid="d4847518-9a96-4580-a32c-0e31fd019fd9">
        <tasks type="sltp.mm.core.Task" uuid="7c7bb2c9-3b90-4745-8e68-1941f19a6bd3">
          <baseTask>true</baseTask>
          <context type="sltp.mm.core.Context" uuid="7d690ba0-b318-4276-98d7-dc7a424b3526"/>
          <explicit>false</explicit>
          <id>1</id>
          <isTimed>true</isTimed>
          <name>Cont</name>
          <priority>40</priority>
          <rates type="sltp.mm.core.Rate" uuid="dae34c27-92a5-4e9d-b5d9-9699df7cc43c">
            <annotation>Cont</annotation>
            <color>255</color>
            <hasBlocks>true</hasBlocks>
            <identifier>Continuous00</identifier>
            <rateIndex>0</rateIndex>
            <rateSpec type="sltp.mm.core.RateSpec">
              <period>0.0</period>
            </rateSpec>
            <sti>0</sti>
          </rates>
          <rates type="sltp.mm.core.Rate" uuid="c1993c65-6b68-47c6-b1e9-dcf594d0213b">
            <annotation>FiM</annotation>
            <color>2105376255</color>
            <rateIndex>1</rateIndex>
            <rateSpec type="sltp.mm.core.RateSpec">
              <offset>1.0</offset>
              <period>0.0</period>
            </rateSpec>
            <sti>1</sti>
          </rates>
          <rates type="sltp.mm.core.Rate" uuid="2cd0a1a1-1117-4130-9ab3-a6fd1a5d7e0f">
            <annotation>D1</annotation>
            <color>-12240129</color>
            <hasBlocks>true</hasBlocks>
            <rateIndex>2</rateIndex>
            <rateSpec type="sltp.mm.core.RateSpec">
              <period>.5</period>
            </rateSpec>
            <sti>2</sti>
          </rates>
        </tasks>
      </subgraph>
    </rootTask>
  </sltp.mm.core.Context>
</sltp_graph>