<?xml version="1.0" encoding="utf-8"?>
<System>
  <P Name="Location">[0, 0, 0, 0]</P>
  <Block BlockType="Reference" Name="ReferenceFrame" SID="35">
    <PortCounts rconn="1"/>
    <P Name="Position">[30, 130, 70, 170]</P>
    <P Name="ZOrder">2</P>
    <P Name="BackgroundColor">automatic</P>
    <P Name="LibraryVersion">24.21</P>
    <P Name="SourceBlock">sm_lib/Frames and
Transforms/Reference
Frame</P>
    <P Name="SourceType">Reference
Frame</P>
    <InstanceData>
      <P Name="LogSimulationData">off</P>
      <P Name="SimscapeInstrumentationLogging">off</P>
      <P Name="SimscapeInstrumentationVariables" Ref="bdmxdata:SimscapeInstrumentationVariables_35"/>
    </InstanceData>
  </Block>
  <Block BlockType="Reference" Name="Solid" SID="36">
    <PortCounts rconn="1"/>
    <P Name="Position">[30, 30, 70, 70]</P>
    <P Name="ZOrder">7</P>
    <P Name="BackgroundColor">automatic</P>
    <P Name="LibraryVersion">24.21</P>
    <P Name="SourceBlock">sm_lib/Body Elements/File Solid</P>
    <P Name="SourceType">File Solid</P>
    <InstanceData>
      <P Name="LogSimulationData">off</P>
      <P Name="SimscapeInstrumentationLogging">off</P>
      <P Name="SimscapeInstrumentationVariables" Ref="bdmxdata:SimscapeInstrumentationVariables_36"/>
      <P Name="ExtGeomFileName">PIN2_Default_sldprt.STEP</P>
      <P Name="UnitType">FromFile</P>
      <P Name="ExtGeomFileUnits">m</P>
      <P Name="StepReaderType">HEX</P>
      <P Name="ExportConvexHullGeometry">off</P>
      <P Name="InertiaType">Custom</P>
      <P Name="BasedOnType">DensityFromFile</P>
      <P Name="Density">1000</P>
      <P Name="Density_conf">compiletime</P>
      <P Name="DensityUnits">kg/m^3</P>
      <P Name="Mass">smiData.Solid(5).mass</P>
      <P Name="Mass_conf">compiletime</P>
      <P Name="MassUnits">kg</P>
      <P Name="CenterOfMass">smiData.Solid(5).CoM</P>
      <P Name="CenterOfMass_conf">compiletime</P>
      <P Name="CenterOfMassUnits">mm</P>
      <P Name="MomentsOfInertia">smiData.Solid(5).MoI</P>
      <P Name="MomentsOfInertia_conf">compiletime</P>
      <P Name="MomentsOfInertiaUnits">kg*mm^2</P>
      <P Name="ProductsOfInertia">smiData.Solid(5).PoI</P>
      <P Name="ProductsOfInertia_conf">compiletime</P>
      <P Name="ProductsOfInertiaUnits">kg*mm^2</P>
      <P Name="GraphicType">FromGeometry</P>
      <P Name="MarkerShape">Sphere</P>
      <P Name="MarkerSize">10</P>
      <P Name="MarkerSize_conf">compiletime</P>
      <P Name="GraphicVisPropType">SimpleVisualProperties</P>
      <P Name="GraphicDiffuseColor">smiData.Solid(5).color</P>
      <P Name="GraphicDiffuseColor_conf">compiletime</P>
      <P Name="GraphicOpacity">smiData.Solid(5).opacity</P>
      <P Name="GraphicOpacity_conf">compiletime</P>
      <P Name="GraphicSpecularColor">[0.5 0.5 0.5 1.0]</P>
      <P Name="GraphicSpecularColor_conf">compiletime</P>
      <P Name="GraphicAmbientColor">[0.15 0.15 0.15 1.0]</P>
      <P Name="GraphicAmbientColor_conf">compiletime</P>
      <P Name="GraphicEmissiveColor">[0.0 0.0 0.0 1.0]</P>
      <P Name="GraphicEmissiveColor_conf">compiletime</P>
      <P Name="GraphicShininess">75</P>
      <P Name="GraphicShininess_conf">compiletime</P>
      <P Name="DoExposeReferenceFrame">on</P>
      <P Name="SerializedFrames">&lt;Frames/&gt;</P>
    </InstanceData>
  </Block>
  <Block BlockType="Reference" Name="Transform" SID="37">
    <PortCounts lconn="1" rconn="1"/>
    <P Name="Position">[130, 80, 170, 120]</P>
    <P Name="ZOrder">8</P>
    <P Name="BackgroundColor">automatic</P>
    <P Name="LibraryVersion">24.21</P>
    <P Name="SourceBlock">sm_lib/Frames and
Transforms/Rigid
Transform</P>
    <P Name="SourceType">Rigid
Transform</P>
    <InstanceData>
      <P Name="LogSimulationData">off</P>
      <P Name="SimscapeInstrumentationLogging">off</P>
      <P Name="SimscapeInstrumentationVariables" Ref="bdmxdata:SimscapeInstrumentationVariables_37"/>
      <P Name="RotationMethod">ArbitraryAxis</P>
      <P Name="FollAlignAxisA">+X</P>
      <P Name="BaseAlignAxisA">+Y</P>
      <P Name="FollAlignAxisB">+Y</P>
      <P Name="BaseAlignAxisB">+Z</P>
      <P Name="RotationStandardAxis">+Z</P>
      <P Name="RotationAngle">smiData.RigidTransform(14).angle</P>
      <P Name="RotationAngle_conf">compiletime</P>
      <P Name="RotationAngleUnits">rad</P>
      <P Name="RotationArbitraryAxis">smiData.RigidTransform(14).axis</P>
      <P Name="RotationArbitraryAxis_conf">compiletime</P>
      <P Name="RotationSequenceAxes">FollowerAxes</P>
      <P Name="RotationSequence">XYX</P>
      <P Name="RotationSequenceAngles">[0 0 0]</P>
      <P Name="RotationSequenceAngles_conf">compiletime</P>
      <P Name="RotationSequenceAnglesUnits">deg</P>
      <P Name="RotationMatrix">[1 0 0;0 1 0;0 0 1]</P>
      <P Name="RotationMatrix_conf">compiletime</P>
      <P Name="Quaternion">[1 0 0 0]</P>
      <P Name="Quaternion_conf">compiletime</P>
      <P Name="TranslationMethod">Cartesian</P>
      <P Name="TranslationCartesianOffset">smiData.RigidTransform(14).translation</P>
      <P Name="TranslationCartesianOffset_conf">compiletime</P>
      <P Name="TranslationCartesianOffsetUnits">in</P>
      <P Name="TranslationStandardAxis">+Z</P>
      <P Name="TranslationStandardOffset">0</P>
      <P Name="TranslationStandardOffset_conf">compiletime</P>
      <P Name="TranslationStandardOffsetUnits">m</P>
      <P Name="TranslationROffset">0</P>
      <P Name="TranslationROffset_conf">compiletime</P>
      <P Name="TranslationROffsetUnits">m</P>
      <P Name="TranslationThetaOffset">0</P>
      <P Name="TranslationThetaOffset_conf">compiletime</P>
      <P Name="TranslationThetaOffsetUnits">deg</P>
      <P Name="TranslationZOffset">0</P>
      <P Name="TranslationZOffset_conf">compiletime</P>
      <P Name="TranslationZOffsetUnits">m</P>
    </InstanceData>
  </Block>
  <Block BlockType="PMIOPort" Name="F" SID="38">
    <P Name="Position">[230, 90, 250, 110]</P>
    <P Name="ZOrder">9</P>
    <P Name="BlockMirror">on</P>
    <P Name="Side">Left</P>
  </Block>
  <Line LineType="Connection">
    <P Name="ZOrder">1</P>
    <P Name="Points">[85, 150; 10, 0; 0, -100; -10, 0]</P>
    <P Name="Dst">36#rconn:1</P>
    <Branch ConnectType="SRC_DEST">
      <P Name="Src">35#rconn:1</P>
      <P Name="Points">[0, 0]</P>
    </Branch>
    <Branch ConnectType="SRC_SRC">
      <P Name="Points">[15, 0; 0, -50]</P>
      <P Name="Dst">37#lconn:1</P>
    </Branch>
  </Line>
  <Line LineType="Connection">
    <P Name="ZOrder">4</P>
    <P Name="Src">37#rconn:1</P>
    <P Name="Dst">38#rconn:1</P>
  </Line>
</System>
