<?xml version="1.0" encoding="utf-8"?>
<System>
  <P Name="Location">[-1, -7, 1537, 817]</P>
  <P Name="Open">on</P>
  <P Name="ZoomFactor">150</P>
  <P Name="ReportName">simulink-default.rpt</P>
  <P Name="SIDHighWatermark">106</P>
  <Block BlockType="Lookup_n-D" Name="1-D Lookup&#xA;Table" SID="102">
    <PortCounts in="1" out="1"/>
    <P Name="Position">[-215, 340, -150, 380]</P>
    <P Name="ZOrder">100000</P>
    <P Name="InputPortMap">u0</P>
    <P Name="NumberOfTableDimensions">1</P>
    <P Name="BreakpointsForDimension1">[0 1 1.02 1.2 1.22 1.3999999999999999 1.4199999999999999 1.6000000000000001 1.6200000000000001 1.8 1.8200000000000001 2 2.02 2.2000000000000002 2.2200000000000002 2.3999999999999999 2.4199999999999999 2.6000000000000001 2.6200000000000001 2.7999999999999998 2.8199999999999998 3 3.02 3.2000000000000002]</P>
    <P Name="Table">[0 0 -0.10000000000000001 -0.20000000000000001 -0.29999999999999999 0.10000000000000001 0 -0.10000000000000001 -0.40000000000000002 -0.5 -0.10000000000000001 -0.10000000000000001 0.10000000000000001 0.20000000000000001 0 -0.29999999999999999 -0.10000000000000001 -0.90000000000000002 -0.59999999999999998 -0.10000000000000001 0.10000000000000001 -0.69999999999999996 0 0]</P>
    <P Name="InternalRulePriority">Speed</P>
    <P Name="RndMeth">Simplest</P>
  </Block>
  <Block BlockType="SubSystem" Name="CUBE_stp_1_RIGID" SID="1">
    <PortCounts lconn="1" rconn="2"/>
    <P Name="Position">[640, 180, 680, 220]</P>
    <P Name="ZOrder">1</P>
    <P Name="ContentPreviewEnabled">on</P>
    <Mask>
      <Display/>
    </Mask>
    <System Ref="system_1"/>
  </Block>
  <Block BlockType="Clock" Name="Clock" SID="103">
    <P Name="Position">[-265, 350, -245, 370]</P>
    <P Name="ZOrder">100000</P>
  </Block>
  <Block BlockType="Constant" Name="Constant" SID="94">
    <P Name="Position">[50, 355, 80, 385]</P>
    <P Name="ZOrder">330</P>
    <P Name="Value">0</P>
  </Block>
  <Block BlockType="Reference" Name="Cylindrical" SID="2">
    <PortCounts lconn="1" rconn="1"/>
    <P Name="Position">[745, 205, 785, 245]</P>
    <P Name="ZOrder">6</P>
    <P Name="BackgroundColor">automatic</P>
    <P Name="LibraryVersion">24.21</P>
    <P Name="SourceBlock">sm_lib/Joints/Cylindrical
Joint</P>
    <P Name="SourceType">Cylindrical
Joint</P>
    <InstanceData>
      <P Name="LogSimulationData">off</P>
      <P Name="SimscapeInstrumentationLogging">off</P>
      <P Name="SimscapeInstrumentationVariables" Ref="bdmxdata:SimscapeInstrumentationVariables_2"/>
      <P Name="JointMode">Normal</P>
      <P Name="CompositeWrenchDir">FollowerOnBase</P>
      <P Name="CompositeWrenchFrame">BaseFrame</P>
      <P Name="SenseConstraintForce">off</P>
      <P Name="SenseConstraintTorque">off</P>
      <P Name="SenseTotalForce">off</P>
      <P Name="SenseTotalTorque">off</P>
      <P Name="RzPositionTargetSpecify">off</P>
      <P Name="RzPositionTargetPriority">High</P>
      <P Name="RzPositionTargetValue">0</P>
      <P Name="RzPositionTargetValue_conf">compiletime</P>
      <P Name="RzPositionTargetValueUnits">deg</P>
      <P Name="RzVelocityTargetSpecify">off</P>
      <P Name="RzVelocityTargetPriority">High</P>
      <P Name="RzVelocityTargetValue">0</P>
      <P Name="RzVelocityTargetValue_conf">compiletime</P>
      <P Name="RzVelocityTargetValueUnits">deg/s</P>
      <P Name="RzEquilibriumPosition">0</P>
      <P Name="RzEquilibriumPosition_conf">compiletime</P>
      <P Name="RzEquilibriumPositionUnits">deg</P>
      <P Name="RzSpringStiffness">0</P>
      <P Name="RzSpringStiffness_conf">compiletime</P>
      <P Name="RzSpringStiffnessUnits">N*m/deg</P>
      <P Name="RzDampingCoefficient">0</P>
      <P Name="RzDampingCoefficient_conf">compiletime</P>
      <P Name="RzDampingCoefficientUnits">N*m/(deg/s)</P>
      <P Name="RzLowerLimitSpecify">off</P>
      <P Name="RzLowerLimitBound">-90</P>
      <P Name="RzLowerLimitBound_conf">compiletime</P>
      <P Name="RzLowerLimitBoundUnits">deg</P>
      <P Name="RzLowerLimitStiffness">1e4</P>
      <P Name="RzLowerLimitStiffness_conf">compiletime</P>
      <P Name="RzLowerLimitStiffnessUnits">N*m/deg</P>
      <P Name="RzLowerLimitDamping">10</P>
      <P Name="RzLowerLimitDamping_conf">compiletime</P>
      <P Name="RzLowerLimitDampingUnits">N*m/(deg/s)</P>
      <P Name="RzLowerLimitTransitionRegionWidth">0.1</P>
      <P Name="RzLowerLimitTransitionRegionWidth_conf">compiletime</P>
      <P Name="RzLowerLimitTransitionRegionWidthUnits">deg</P>
      <P Name="RzUpperLimitSpecify">off</P>
      <P Name="RzUpperLimitBound">90</P>
      <P Name="RzUpperLimitBound_conf">compiletime</P>
      <P Name="RzUpperLimitBoundUnits">deg</P>
      <P Name="RzUpperLimitStiffness">1e4</P>
      <P Name="RzUpperLimitStiffness_conf">compiletime</P>
      <P Name="RzUpperLimitStiffnessUnits">N*m/deg</P>
      <P Name="RzUpperLimitDamping">10</P>
      <P Name="RzUpperLimitDamping_conf">compiletime</P>
      <P Name="RzUpperLimitDampingUnits">N*m/(deg/s)</P>
      <P Name="RzUpperLimitTransitionRegionWidth">0.1</P>
      <P Name="RzUpperLimitTransitionRegionWidth_conf">compiletime</P>
      <P Name="RzUpperLimitTransitionRegionWidthUnits">deg</P>
      <P Name="RzTorqueActuationMode">NoTorque</P>
      <P Name="RzMotionActuationMode">ComputedMotion</P>
      <P Name="RzSensePosition">off</P>
      <P Name="RzSenseVelocity">off</P>
      <P Name="RzSenseAcceleration">off</P>
      <P Name="RzSenseTorqueForce">off</P>
      <P Name="RzSenseLowerLimitTorqueForce">off</P>
      <P Name="RzSenseUpperLimitTorqueForce">off</P>
      <P Name="PzPositionTargetSpecify">off</P>
      <P Name="PzPositionTargetPriority">High</P>
      <P Name="PzPositionTargetValue">0</P>
      <P Name="PzPositionTargetValue_conf">compiletime</P>
      <P Name="PzPositionTargetValueUnits">m</P>
      <P Name="PzVelocityTargetSpecify">off</P>
      <P Name="PzVelocityTargetPriority">High</P>
      <P Name="PzVelocityTargetValue">0</P>
      <P Name="PzVelocityTargetValue_conf">compiletime</P>
      <P Name="PzVelocityTargetValueUnits">m/s</P>
      <P Name="PzEquilibriumPosition">0</P>
      <P Name="PzEquilibriumPosition_conf">compiletime</P>
      <P Name="PzEquilibriumPositionUnits">m</P>
      <P Name="PzSpringStiffness">0</P>
      <P Name="PzSpringStiffness_conf">compiletime</P>
      <P Name="PzSpringStiffnessUnits">N/m</P>
      <P Name="PzDampingCoefficient">0</P>
      <P Name="PzDampingCoefficient_conf">compiletime</P>
      <P Name="PzDampingCoefficientUnits">N/(m/s)</P>
      <P Name="PzLowerLimitSpecify">off</P>
      <P Name="PzLowerLimitBound">-1</P>
      <P Name="PzLowerLimitBound_conf">compiletime</P>
      <P Name="PzLowerLimitBoundUnits">m</P>
      <P Name="PzLowerLimitStiffness">1e6</P>
      <P Name="PzLowerLimitStiffness_conf">compiletime</P>
      <P Name="PzLowerLimitStiffnessUnits">N/m</P>
      <P Name="PzLowerLimitDamping">1e3</P>
      <P Name="PzLowerLimitDamping_conf">compiletime</P>
      <P Name="PzLowerLimitDampingUnits">N/(m/s)</P>
      <P Name="PzLowerLimitTransitionRegionWidth">1e-4</P>
      <P Name="PzLowerLimitTransitionRegionWidth_conf">compiletime</P>
      <P Name="PzLowerLimitTransitionRegionWidthUnits">m</P>
      <P Name="PzUpperLimitSpecify">off</P>
      <P Name="PzUpperLimitBound">1</P>
      <P Name="PzUpperLimitBound_conf">compiletime</P>
      <P Name="PzUpperLimitBoundUnits">m</P>
      <P Name="PzUpperLimitStiffness">1e6</P>
      <P Name="PzUpperLimitStiffness_conf">compiletime</P>
      <P Name="PzUpperLimitStiffnessUnits">N/m</P>
      <P Name="PzUpperLimitDamping">1e3</P>
      <P Name="PzUpperLimitDamping_conf">compiletime</P>
      <P Name="PzUpperLimitDampingUnits">N/(m/s)</P>
      <P Name="PzUpperLimitTransitionRegionWidth">1e-4</P>
      <P Name="PzUpperLimitTransitionRegionWidth_conf">compiletime</P>
      <P Name="PzUpperLimitTransitionRegionWidthUnits">m</P>
      <P Name="PzTorqueActuationMode">NoTorque</P>
      <P Name="PzMotionActuationMode">ComputedMotion</P>
      <P Name="PzSensePosition">off</P>
      <P Name="PzSenseVelocity">off</P>
      <P Name="PzSenseAcceleration">off</P>
      <P Name="PzSenseTorqueForce">off</P>
      <P Name="PzSenseLowerLimitTorqueForce">off</P>
      <P Name="PzSenseUpperLimitTorqueForce">off</P>
    </InstanceData>
  </Block>
  <Block BlockType="SubSystem" Name="Female_fork_1_RIGID" SID="3">
    <PortCounts lconn="3"/>
    <P Name="Position">[845, 80, 885, 120]</P>
    <P Name="ZOrder">7</P>
    <P Name="ContentPreviewEnabled">on</P>
    <Mask>
      <Display/>
    </Mask>
    <System Ref="system_3"/>
  </Block>
  <Block BlockType="Gain" Name="Gain" SID="104">
    <P Name="Position">[-120, 345, -75, 375]</P>
    <P Name="ZOrder">100000</P>
    <P Name="Gain">0.04</P>
  </Block>
  <Block BlockType="Reference" Name="MechanismConfiguration" SID="4">
    <PortCounts rconn="1"/>
    <P Name="Position">[30, 180, 70, 220]</P>
    <P Name="ZOrder">8</P>
    <P Name="BackgroundColor">automatic</P>
    <P Name="ShowName">off</P>
    <P Name="LibraryVersion">24.21</P>
    <P Name="SourceBlock">sm_lib/Utilities/Mechanism
Configuration</P>
    <P Name="SourceType">Mechanism
Configuration</P>
    <InstanceData>
      <P Name="LogSimulationData">off</P>
      <P Name="SimscapeInstrumentationLogging">off</P>
      <P Name="SimscapeInstrumentationVariables" Ref="bdmxdata:SimscapeInstrumentationVariables_4"/>
      <P Name="UniformGravity">Constant</P>
      <P Name="GravityVector">[0 -9.80665 0]</P>
      <P Name="GravityVector_conf">compiletime</P>
      <P Name="GravityVectorUnits">m/s^2</P>
      <P Name="LinearizationDelta">0.001</P>
      <P Name="JointModeTransitionNonlinearIterations">2</P>
    </InstanceData>
  </Block>
  <Block BlockType="Mux" Name="Mux" SID="106">
    <PortCounts in="2" out="1"/>
    <P Name="Position">[395, 374, 400, 456]</P>
    <P Name="ZOrder">100000</P>
    <P Name="Inputs">2</P>
    <P Name="DisplayOption">bar</P>
  </Block>
  <Block BlockType="Reference" Name="PID Controller" SID="101">
    <PortCounts in="1" out="1"/>
    <P Name="Position">[200, 327, 240, 363]</P>
    <P Name="ZOrder">332</P>
    <P Name="LibrarySourceBlock">simulink/Continuous/PID Controller</P>
    <P Name="LibraryVersion">9.15</P>
    <P Name="SourceBlock">slpidlib/PID Controller</P>
    <P Name="SourceType">PID 1dof</P>
    <InstanceData>
      <P Name="RTWMemSecFuncInitTerm">Inherit from model</P>
      <P Name="RTWMemSecFuncExecute">Inherit from model</P>
      <P Name="RTWMemSecDataConstants">Inherit from model</P>
      <P Name="RTWMemSecDataInternal">Inherit from model</P>
      <P Name="RTWMemSecDataParameters">Inherit from model</P>
      <P Name="ContentPreviewEnabled">on</P>
      <P Name="Controller">PID</P>
      <P Name="Form">Parallel</P>
      <P Name="TimeDomain">Continuous-time</P>
      <P Name="UseExternalTs">off</P>
      <P Name="SampleTime">-1</P>
      <P Name="IntegratorMethod">Forward Euler</P>
      <P Name="FilterMethod">Forward Euler</P>
      <P Name="ControllerParametersSource">internal</P>
      <P Name="P">1</P>
      <P Name="I">1</P>
      <P Name="UseKiTs">off</P>
      <P Name="D">0</P>
      <P Name="UseExternalDerivativeSource">off</P>
      <P Name="N">100</P>
      <P Name="UseFilter">on</P>
      <P Name="TunerSelectOption">Transfer Function Based (PID Tuner App)</P>
      <P Name="ZeroCross">on</P>
      <P Name="InitialConditionSource">internal</P>
      <P Name="InitialConditionForIntegrator">0</P>
      <P Name="InitialConditionForFilter">0</P>
      <P Name="DifferentiatorICPrevScaledInput">0</P>
      <P Name="ExternalReset">none</P>
      <P Name="IgnoreLimit">off</P>
      <P Name="TrackingMode">off</P>
      <P Name="Kt">1</P>
      <P Name="LimitOutput">off</P>
      <P Name="SatLimitsSource">internal</P>
      <P Name="UpperSaturationLimit">inf</P>
      <P Name="LowerSaturationLimit">-inf</P>
      <P Name="LinearizeAsGain">on</P>
      <P Name="AntiWindupMode">none</P>
      <P Name="Kb">1</P>
      <P Name="LimitIntegrator">off</P>
      <P Name="UpperIntegratorSaturationLimit">inf</P>
      <P Name="LowerIntegratorSaturationLimit">-inf</P>
      <P Name="RndMeth">Floor</P>
      <P Name="SaturateOnIntegerOverflow">off</P>
      <P Name="LockScale">off</P>
      <P Name="PGainOutDataTypeStr">Inherit: Inherit via internal rule</P>
      <P Name="PProdOutDataTypeStr">Inherit: Inherit via internal rule</P>
      <P Name="POutMin">[]</P>
      <P Name="POutMax">[]</P>
      <P Name="IGainOutDataTypeStr">Inherit: Inherit via internal rule</P>
      <P Name="IProdOutDataTypeStr">Inherit: Inherit via internal rule</P>
      <P Name="IOutMin">[]</P>
      <P Name="IOutMax">[]</P>
      <P Name="DGainOutDataTypeStr">Inherit: Inherit via internal rule</P>
      <P Name="DProdOutDataTypeStr">Inherit: Inherit via internal rule</P>
      <P Name="DOutMin">[]</P>
      <P Name="DOutMax">[]</P>
      <P Name="NGainOutDataTypeStr">Inherit: Inherit via internal rule</P>
      <P Name="NProdOutDataTypeStr">Inherit: Inherit via internal rule</P>
      <P Name="NOutMin">[]</P>
      <P Name="NOutMax">[]</P>
      <P Name="SumOutDataTypeStr">Inherit: Inherit via internal rule</P>
      <P Name="SumOutMin">[]</P>
      <P Name="SumOutMax">[]</P>
      <P Name="SaturationOutDataTypeStr">Inherit: Same as input</P>
      <P Name="SaturationOutMin">[]</P>
      <P Name="SaturationOutMax">[]</P>
      <P Name="PParamDataTypeStr">Inherit: Inherit via internal rule</P>
      <P Name="PParamMin">[]</P>
      <P Name="PParamMax">[]</P>
      <P Name="IParamDataTypeStr">Inherit: Inherit via internal rule</P>
      <P Name="IParamMin">[]</P>
      <P Name="IParamMax">[]</P>
      <P Name="DParamDataTypeStr">Inherit: Inherit via internal rule</P>
      <P Name="DParamMin">[]</P>
      <P Name="DParamMax">[]</P>
      <P Name="NParamDataTypeStr">Inherit: Inherit via internal rule</P>
      <P Name="NParamMin">[]</P>
      <P Name="NParamMax">[]</P>
      <P Name="KbParamDataTypeStr">Inherit: Inherit via internal rule</P>
      <P Name="KbParamMin">[]</P>
      <P Name="KbParamMax">[]</P>
      <P Name="KtParamDataTypeStr">Inherit: Inherit via internal rule</P>
      <P Name="KtParamMin">[]</P>
      <P Name="KtParamMax">[]</P>
      <P Name="KbOutDataTypeStr">Inherit: Inherit via internal rule</P>
      <P Name="KbOutMin">[]</P>
      <P Name="KbOutMax">[]</P>
      <P Name="KtOutDataTypeStr">Inherit: Inherit via internal rule</P>
      <P Name="KtOutMin">[]</P>
      <P Name="KtOutMax">[]</P>
      <P Name="IntegratorOutDataTypeStr">Inherit: Inherit via internal rule</P>
      <P Name="IntegratorOutMin">[]</P>
      <P Name="IntegratorOutMax">[]</P>
      <P Name="FilterOutDataTypeStr">Inherit: Inherit via internal rule</P>
      <P Name="FilterOutMin">[]</P>
      <P Name="FilterOutMax">[]</P>
      <P Name="SumI1OutDataTypeStr">Inherit: Inherit via internal rule</P>
      <P Name="SumI1OutMin">[]</P>
      <P Name="SumI1OutMax">[]</P>
      <P Name="SumI2OutDataTypeStr">Inherit: Inherit via internal rule</P>
      <P Name="SumI2OutMin">[]</P>
      <P Name="SumI2OutMax">[]</P>
      <P Name="SumI3OutDataTypeStr">Inherit: Inherit via internal rule</P>
      <P Name="SumI3OutMin">[]</P>
      <P Name="SumI3OutMax">[]</P>
      <P Name="SumI4OutDataTypeStr">Inherit: Inherit via internal rule</P>
      <P Name="SumI4OutMin">[]</P>
      <P Name="SumI4OutMax">[]</P>
      <P Name="SumDOutDataTypeStr">Inherit: Inherit via internal rule</P>
      <P Name="SumDOutMin">[]</P>
      <P Name="SumDOutMax">[]</P>
      <P Name="SumAccumDataTypeStr">Inherit: Inherit via internal rule</P>
      <P Name="SumI1AccumDataTypeStr">Inherit: Inherit via internal rule</P>
      <P Name="SumI2AccumDataTypeStr">Inherit: Inherit via internal rule</P>
      <P Name="SumI3AccumDataTypeStr">Inherit: Inherit via internal rule</P>
      <P Name="SumI4AccumDataTypeStr">Inherit: Inherit via internal rule</P>
      <P Name="SumDAccumDataTypeStr">Inherit: Inherit via internal rule</P>
      <P Name="DifferentiatorOutDataTypeStr">Inherit: Inherit via internal rule</P>
      <P Name="DifferentiatorOutMin">[]</P>
      <P Name="DifferentiatorOutMax">[]</P>
      <P Name="FilterDiffNumProductOutputDataTypeStr">Inherit: Inherit via internal rule</P>
      <P Name="FilterDiffDenProductOutputDataTypeStr">Inherit: Inherit via internal rule</P>
      <P Name="FilterDiffNumAccumDataTypeStr">Inherit: Inherit via internal rule</P>
      <P Name="FilterDiffDenAccumDataTypeStr">Inherit: Inherit via internal rule</P>
      <P Name="FilterDiffOutCoefDataTypeStr">Inherit: Inherit via internal rule</P>
      <P Name="FilterDiffOutCoefMin">[]</P>
      <P Name="FilterDiffOutCoefMax">[]</P>
      <P Name="ReciprocalOutDataTypeStr">Inherit: Inherit via internal rule</P>
      <P Name="ReciprocalOutMin">[]</P>
      <P Name="ReciprocalOutMax">[]</P>
      <P Name="SumDenOutDataTypeStr">Inherit: Inherit via internal rule</P>
      <P Name="SumDenOutMin">[]</P>
      <P Name="SumDenOutMax">[]</P>
      <P Name="SumNumOutDataTypeStr">Inherit: Inherit via internal rule</P>
      <P Name="SumNumOutMin">[]</P>
      <P Name="SumNumOutMax">[]</P>
      <P Name="SumDenAccumDataTypeStr">Inherit: Inherit via internal rule</P>
      <P Name="SumNumAccumDataTypeStr">Inherit: Inherit via internal rule</P>
      <P Name="DivideOutDataTypeStr">Inherit: Inherit via internal rule</P>
      <P Name="DivideOutMin">[]</P>
      <P Name="DivideOutMax">[]</P>
      <P Name="UdiffTsProdOutDataTypeStr">Inherit: Inherit via internal rule</P>
      <P Name="UdiffTsProdOutMin">[]</P>
      <P Name="UdiffTsProdOutMax">[]</P>
      <P Name="NTsProdOutDataTypeStr">Inherit: Inherit via internal rule</P>
      <P Name="NTsProdOutMin">[]</P>
      <P Name="NTsProdOutMax">[]</P>
      <P Name="UintegralTsProdOutDataTypeStr">Inherit: Inherit via internal rule</P>
      <P Name="UintegralTsProdOutMin">[]</P>
      <P Name="UintegralTsProdOutMax">[]</P>
      <P Name="UngainTsProdOutDataTypeStr">Inherit: Inherit via internal rule</P>
      <P Name="UngainTsProdOutMin">[]</P>
      <P Name="UngainTsProdOutMax">[]</P>
      <P Name="ClampingZeroOutDataTypeStr">Inherit: Inherit via back propagation</P>
      <P Name="ClampingZeroOutMin">[]</P>
      <P Name="ClampingZeroOutMax">[]</P>
      <P Name="FilterDenConstantOutDataTypeStr">Inherit: Inherit via back propagation</P>
      <P Name="FilterDenConstantOutMin">[]</P>
      <P Name="FilterDenConstantOutMax">[]</P>
      <P Name="PCopyOutDataTypeStr">Inherit: Inherit via back propagation</P>
      <P Name="PCopyOutMin">[]</P>
      <P Name="PCopyOutMax">[]</P>
      <P Name="NCopyOutDataTypeStr">Inherit: Inherit via back propagation</P>
      <P Name="NCopyOutMin">[]</P>
      <P Name="NCopyOutMax">[]</P>
      <P Name="IntegratorContinuousStateAttributes">&apos;&apos;</P>
      <P Name="IntegratorStateMustResolveToSignalObject">off</P>
      <P Name="IntegratorRTWStateStorageClass">Auto</P>
      <P Name="FilterContinuousStateAttributes">&apos;&apos;</P>
      <P Name="FilterStateMustResolveToSignalObject">off</P>
      <P Name="FilterRTWStateStorageClass">Auto</P>
      <P Name="ParallelPVariant">InternalParameters</P>
      <P Name="IdealPVariant">Disabled</P>
      <P Name="IVariant">InternalParameters</P>
      <P Name="DVariant">InternalParameters</P>
      <P Name="IntegratorVariant">Continuous</P>
      <P Name="SatVariant">Disabled</P>
      <P Name="AWVariant">Passthrough</P>
      <P Name="PCopyVariant">Disabled</P>
      <P Name="TRVariant">Disabled</P>
      <P Name="FdbkBlocksVariant">Forward</P>
      <P Name="IdealPFdbkVariant">Disabled</P>
      <P Name="SatFdbkVariant">Disabled</P>
      <P Name="DerivativeFilterVariant">ContFilter</P>
      <P Name="NVariant">InternalParameters</P>
      <P Name="NCopyVariant">Disabled</P>
      <P Name="FilterICVariant">InternalICsFilter</P>
      <P Name="IntegratorICVariant">InternalICs</P>
      <P Name="ExternalResetVariant">Disabled</P>
      <P Name="TRSumVariant">Passthrough</P>
      <P Name="SumFdbkVariant">Disabled</P>
      <P Name="SumVariant">Sum_PID</P>
      <P Name="TsampFilterVariant">InternalTs</P>
      <P Name="TsampNgainVariant">Passthrough</P>
      <P Name="TsampIntegralVariant">Disabled_SignalSpec</P>
      <P Name="ExternalSaturationOutDataTypeStr">Inherit: Same as second input</P>
      <P Name="DerivativeSourceVariant">ErrorSignal</P>
      <P Name="InitialConditionSetting">Auto</P>
      <P Name="PreIntVariant">InternalPreInt</P>
    </InstanceData>
  </Block>
  <Block BlockType="SubSystem" Name="PIN2_1_RIGID" SID="5">
    <PortCounts lconn="1"/>
    <P Name="Position">[440, 305, 480, 345]</P>
    <P Name="ZOrder">9</P>
    <P Name="ContentPreviewEnabled">on</P>
    <Mask>
      <Display/>
    </Mask>
    <System Ref="system_5"/>
  </Block>
  <Block BlockType="SubSystem" Name="PIN2_2_RIGID" SID="6">
    <PortCounts lconn="1"/>
    <P Name="Position">[440, 105, 480, 145]</P>
    <P Name="ZOrder">10</P>
    <P Name="ContentPreviewEnabled">on</P>
    <Mask>
      <Display/>
    </Mask>
    <System Ref="system_6"/>
  </Block>
  <Block BlockType="SubSystem" Name="PIN_1_1_RIGID" SID="7">
    <PortCounts lconn="2"/>
    <P Name="Position">[845, 180, 885, 220]</P>
    <P Name="ZOrder">11</P>
    <P Name="ContentPreviewEnabled">on</P>
    <Mask>
      <Display/>
    </Mask>
    <System Ref="system_7"/>
  </Block>
  <Block BlockType="Reference" Name="PS-Simulink&#xA;Converter" SID="96">
    <PortCounts out="1" lconn="1"/>
    <P Name="Position">[430, 367, 445, 383]</P>
    <P Name="ZOrder">324</P>
    <P Name="LibraryVersion">7.0</P>
    <P Name="SourceBlock">nesl_utility/PS-Simulink
Converter</P>
    <P Name="SourceType">PS-Simulink
Converter</P>
    <InstanceData>
      <P Name="RTWMemSecFuncInitTerm">Inherit from model</P>
      <P Name="RTWMemSecFuncExecute">Inherit from model</P>
      <P Name="RTWMemSecDataConstants">Inherit from model</P>
      <P Name="RTWMemSecDataInternal">Inherit from model</P>
      <P Name="RTWMemSecDataParameters">Inherit from model</P>
      <P Name="ContentPreviewEnabled">on</P>
      <P Name="PhysicalDomain">network_engine_domain</P>
      <P Name="SubClassName">ps_output</P>
      <P Name="LeftPortType">input</P>
      <P Name="RightPortType">output</P>
      <P Name="PseudoPeriodic">off</P>
      <P Name="Frequencies">[]</P>
      <P Name="VectorFormat">inherit</P>
      <P Name="Unit">inherit</P>
      <P Name="AffineConversion">off</P>
    </InstanceData>
  </Block>
  <Block BlockType="Reference" Name="Parallel" SID="8">
    <PortCounts lconn="1" rconn="1"/>
    <P Name="Position">[335, 30, 375, 70]</P>
    <P Name="ZOrder">12</P>
    <P Name="BackgroundColor">automatic</P>
    <P Name="LibraryVersion">24.21</P>
    <P Name="SourceBlock">sm_lib/Constraints/Angle
Constraint</P>
    <P Name="SourceType">Angle
Constraint</P>
    <InstanceData>
      <P Name="LogSimulationData">off</P>
      <P Name="SimscapeInstrumentationLogging">off</P>
      <P Name="SimscapeInstrumentationVariables" Ref="bdmxdata:SimscapeInstrumentationVariables_8"/>
      <P Name="ConstraintType">Parallel</P>
      <P Name="Angle">45</P>
      <P Name="Angle_conf">compiletime</P>
      <P Name="AngleUnits">deg</P>
      <P Name="WrenchDir">FollowerOnBase</P>
      <P Name="WrenchFrame">BaseFrame</P>
      <P Name="SenseTorque">off</P>
      <P Name="SenseSignedTorqueMagnitude">off</P>
    </InstanceData>
  </Block>
  <Block BlockType="Reference" Name="Planar" SID="9">
    <PortCounts lconn="1" rconn="1"/>
    <P Name="Position">[335, 230, 375, 270]</P>
    <P Name="ZOrder">13</P>
    <P Name="BackgroundColor">automatic</P>
    <P Name="LibraryVersion">24.21</P>
    <P Name="SourceBlock">sm_lib/Joints/Planar Joint</P>
    <P Name="SourceType">Planar Joint</P>
    <InstanceData>
      <P Name="LogSimulationData">off</P>
      <P Name="SimscapeInstrumentationLogging">off</P>
      <P Name="SimscapeInstrumentationVariables" Ref="bdmxdata:SimscapeInstrumentationVariables_9"/>
      <P Name="JointMode">Normal</P>
      <P Name="CompositeWrenchDir">FollowerOnBase</P>
      <P Name="CompositeWrenchFrame">BaseFrame</P>
      <P Name="SenseConstraintForce">off</P>
      <P Name="SenseConstraintTorque">off</P>
      <P Name="SenseTotalForce">off</P>
      <P Name="SenseTotalTorque">off</P>
      <P Name="PxPositionTargetSpecify">off</P>
      <P Name="PxPositionTargetPriority">High</P>
      <P Name="PxPositionTargetValue">0</P>
      <P Name="PxPositionTargetValue_conf">compiletime</P>
      <P Name="PxPositionTargetValueUnits">m</P>
      <P Name="PxVelocityTargetSpecify">off</P>
      <P Name="PxVelocityTargetPriority">High</P>
      <P Name="PxVelocityTargetValue">0</P>
      <P Name="PxVelocityTargetValue_conf">compiletime</P>
      <P Name="PxVelocityTargetValueUnits">m/s</P>
      <P Name="PxEquilibriumPosition">0</P>
      <P Name="PxEquilibriumPosition_conf">compiletime</P>
      <P Name="PxEquilibriumPositionUnits">m</P>
      <P Name="PxSpringStiffness">0</P>
      <P Name="PxSpringStiffness_conf">compiletime</P>
      <P Name="PxSpringStiffnessUnits">N/m</P>
      <P Name="PxDampingCoefficient">0</P>
      <P Name="PxDampingCoefficient_conf">compiletime</P>
      <P Name="PxDampingCoefficientUnits">N/(m/s)</P>
      <P Name="PxLowerLimitSpecify">off</P>
      <P Name="PxLowerLimitBound">-1</P>
      <P Name="PxLowerLimitBound_conf">compiletime</P>
      <P Name="PxLowerLimitBoundUnits">m</P>
      <P Name="PxLowerLimitStiffness">1e6</P>
      <P Name="PxLowerLimitStiffness_conf">compiletime</P>
      <P Name="PxLowerLimitStiffnessUnits">N/m</P>
      <P Name="PxLowerLimitDamping">1e3</P>
      <P Name="PxLowerLimitDamping_conf">compiletime</P>
      <P Name="PxLowerLimitDampingUnits">N/(m/s)</P>
      <P Name="PxLowerLimitTransitionRegionWidth">1e-4</P>
      <P Name="PxLowerLimitTransitionRegionWidth_conf">compiletime</P>
      <P Name="PxLowerLimitTransitionRegionWidthUnits">m</P>
      <P Name="PxUpperLimitSpecify">off</P>
      <P Name="PxUpperLimitBound">1</P>
      <P Name="PxUpperLimitBound_conf">compiletime</P>
      <P Name="PxUpperLimitBoundUnits">m</P>
      <P Name="PxUpperLimitStiffness">1e6</P>
      <P Name="PxUpperLimitStiffness_conf">compiletime</P>
      <P Name="PxUpperLimitStiffnessUnits">N/m</P>
      <P Name="PxUpperLimitDamping">1e3</P>
      <P Name="PxUpperLimitDamping_conf">compiletime</P>
      <P Name="PxUpperLimitDampingUnits">N/(m/s)</P>
      <P Name="PxUpperLimitTransitionRegionWidth">1e-4</P>
      <P Name="PxUpperLimitTransitionRegionWidth_conf">compiletime</P>
      <P Name="PxUpperLimitTransitionRegionWidthUnits">m</P>
      <P Name="PxTorqueActuationMode">NoTorque</P>
      <P Name="PxMotionActuationMode">ComputedMotion</P>
      <P Name="PxSensePosition">off</P>
      <P Name="PxSenseVelocity">off</P>
      <P Name="PxSenseAcceleration">off</P>
      <P Name="PxSenseTorqueForce">off</P>
      <P Name="PxSenseLowerLimitTorqueForce">off</P>
      <P Name="PxSenseUpperLimitTorqueForce">off</P>
      <P Name="PyPositionTargetSpecify">off</P>
      <P Name="PyPositionTargetPriority">High</P>
      <P Name="PyPositionTargetValue">0</P>
      <P Name="PyPositionTargetValue_conf">compiletime</P>
      <P Name="PyPositionTargetValueUnits">m</P>
      <P Name="PyVelocityTargetSpecify">off</P>
      <P Name="PyVelocityTargetPriority">High</P>
      <P Name="PyVelocityTargetValue">0</P>
      <P Name="PyVelocityTargetValue_conf">compiletime</P>
      <P Name="PyVelocityTargetValueUnits">m/s</P>
      <P Name="PyEquilibriumPosition">0</P>
      <P Name="PyEquilibriumPosition_conf">compiletime</P>
      <P Name="PyEquilibriumPositionUnits">m</P>
      <P Name="PySpringStiffness">0</P>
      <P Name="PySpringStiffness_conf">compiletime</P>
      <P Name="PySpringStiffnessUnits">N/m</P>
      <P Name="PyDampingCoefficient">0</P>
      <P Name="PyDampingCoefficient_conf">compiletime</P>
      <P Name="PyDampingCoefficientUnits">N/(m/s)</P>
      <P Name="PyLowerLimitSpecify">off</P>
      <P Name="PyLowerLimitBound">-1</P>
      <P Name="PyLowerLimitBound_conf">compiletime</P>
      <P Name="PyLowerLimitBoundUnits">m</P>
      <P Name="PyLowerLimitStiffness">1e6</P>
      <P Name="PyLowerLimitStiffness_conf">compiletime</P>
      <P Name="PyLowerLimitStiffnessUnits">N/m</P>
      <P Name="PyLowerLimitDamping">1e3</P>
      <P Name="PyLowerLimitDamping_conf">compiletime</P>
      <P Name="PyLowerLimitDampingUnits">N/(m/s)</P>
      <P Name="PyLowerLimitTransitionRegionWidth">1e-4</P>
      <P Name="PyLowerLimitTransitionRegionWidth_conf">compiletime</P>
      <P Name="PyLowerLimitTransitionRegionWidthUnits">m</P>
      <P Name="PyUpperLimitSpecify">off</P>
      <P Name="PyUpperLimitBound">1</P>
      <P Name="PyUpperLimitBound_conf">compiletime</P>
      <P Name="PyUpperLimitBoundUnits">m</P>
      <P Name="PyUpperLimitStiffness">1e6</P>
      <P Name="PyUpperLimitStiffness_conf">compiletime</P>
      <P Name="PyUpperLimitStiffnessUnits">N/m</P>
      <P Name="PyUpperLimitDamping">1e3</P>
      <P Name="PyUpperLimitDamping_conf">compiletime</P>
      <P Name="PyUpperLimitDampingUnits">N/(m/s)</P>
      <P Name="PyUpperLimitTransitionRegionWidth">1e-4</P>
      <P Name="PyUpperLimitTransitionRegionWidth_conf">compiletime</P>
      <P Name="PyUpperLimitTransitionRegionWidthUnits">m</P>
      <P Name="PyTorqueActuationMode">NoTorque</P>
      <P Name="PyMotionActuationMode">ComputedMotion</P>
      <P Name="PySensePosition">off</P>
      <P Name="PySenseVelocity">off</P>
      <P Name="PySenseAcceleration">off</P>
      <P Name="PySenseTorqueForce">off</P>
      <P Name="PySenseLowerLimitTorqueForce">off</P>
      <P Name="PySenseUpperLimitTorqueForce">off</P>
      <P Name="RzPositionTargetSpecify">off</P>
      <P Name="RzPositionTargetPriority">High</P>
      <P Name="RzPositionTargetValue">0</P>
      <P Name="RzPositionTargetValue_conf">compiletime</P>
      <P Name="RzPositionTargetValueUnits">deg</P>
      <P Name="RzVelocityTargetSpecify">off</P>
      <P Name="RzVelocityTargetPriority">High</P>
      <P Name="RzVelocityTargetValue">0</P>
      <P Name="RzVelocityTargetValue_conf">compiletime</P>
      <P Name="RzVelocityTargetValueUnits">deg/s</P>
      <P Name="RzEquilibriumPosition">0</P>
      <P Name="RzEquilibriumPosition_conf">compiletime</P>
      <P Name="RzEquilibriumPositionUnits">deg</P>
      <P Name="RzSpringStiffness">0</P>
      <P Name="RzSpringStiffness_conf">compiletime</P>
      <P Name="RzSpringStiffnessUnits">N*m/deg</P>
      <P Name="RzDampingCoefficient">0</P>
      <P Name="RzDampingCoefficient_conf">compiletime</P>
      <P Name="RzDampingCoefficientUnits">N*m/(deg/s)</P>
      <P Name="RzLowerLimitSpecify">off</P>
      <P Name="RzLowerLimitBound">-90</P>
      <P Name="RzLowerLimitBound_conf">compiletime</P>
      <P Name="RzLowerLimitBoundUnits">deg</P>
      <P Name="RzLowerLimitStiffness">1e4</P>
      <P Name="RzLowerLimitStiffness_conf">compiletime</P>
      <P Name="RzLowerLimitStiffnessUnits">N*m/deg</P>
      <P Name="RzLowerLimitDamping">10</P>
      <P Name="RzLowerLimitDamping_conf">compiletime</P>
      <P Name="RzLowerLimitDampingUnits">N*m/(deg/s)</P>
      <P Name="RzLowerLimitTransitionRegionWidth">0.1</P>
      <P Name="RzLowerLimitTransitionRegionWidth_conf">compiletime</P>
      <P Name="RzLowerLimitTransitionRegionWidthUnits">deg</P>
      <P Name="RzUpperLimitSpecify">off</P>
      <P Name="RzUpperLimitBound">90</P>
      <P Name="RzUpperLimitBound_conf">compiletime</P>
      <P Name="RzUpperLimitBoundUnits">deg</P>
      <P Name="RzUpperLimitStiffness">1e4</P>
      <P Name="RzUpperLimitStiffness_conf">compiletime</P>
      <P Name="RzUpperLimitStiffnessUnits">N*m/deg</P>
      <P Name="RzUpperLimitDamping">10</P>
      <P Name="RzUpperLimitDamping_conf">compiletime</P>
      <P Name="RzUpperLimitDampingUnits">N*m/(deg/s)</P>
      <P Name="RzUpperLimitTransitionRegionWidth">0.1</P>
      <P Name="RzUpperLimitTransitionRegionWidth_conf">compiletime</P>
      <P Name="RzUpperLimitTransitionRegionWidthUnits">deg</P>
      <P Name="RzTorqueActuationMode">NoTorque</P>
      <P Name="RzMotionActuationMode">ComputedMotion</P>
      <P Name="RzSensePosition">off</P>
      <P Name="RzSenseVelocity">off</P>
      <P Name="RzSenseAcceleration">off</P>
      <P Name="RzSenseTorqueForce">off</P>
      <P Name="RzSenseLowerLimitTorqueForce">off</P>
      <P Name="RzSenseUpperLimitTorqueForce">off</P>
    </InstanceData>
  </Block>
  <Block BlockType="Scope" Name="Position" SID="105">
    <PortCounts in="1"/>
    <P Name="Position">[440, 381, 480, 449]</P>
    <P Name="ZOrder">100000</P>
    <P Name="ScopeSpecificationString">Simulink.scopes.TimeScopeBlockCfg(&apos;CurrentConfiguration&apos;, extmgr.ConfigurationSet(extmgr.Configuration(&apos;Core&apos;,&apos;General UI&apos;,true,&apos;FigureColor&apos;,[1 1 1]),extmgr.Configuration(&apos;Core&apos;,&apos;Source UI&apos;,true),extmgr.Configuration(&apos;Sources&apos;,&apos;WiredSimulink&apos;,true),extmgr.Configuration(&apos;Visuals&apos;,&apos;Time Domain&apos;,true,&apos;SerializedDisplays&apos;,{struct(&apos;MinYLimReal&apos;,&apos;-0.05001&apos;,&apos;MaxYLimReal&apos;,&apos;0.05001&apos;,&apos;YLabelReal&apos;,&apos;&apos;,&apos;MinYLimMag&apos;,&apos;0.00000&apos;,&apos;MaxYLimMag&apos;,&apos;0.05001&apos;,&apos;LegendVisibility&apos;,&apos;On&apos;,&apos;XGrid&apos;,true,&apos;YGrid&apos;,true,&apos;PlotMagPhase&apos;,false,&apos;AxesColor&apos;,[1 1 1],&apos;AxesTickColor&apos;,[0 0 0],&apos;ColorOrder&apos;,[0.0666666666666667 0.443137254901961 0.745098039215686;0.866666666666667 0.329411764705882 0;0.929411764705882 0.694117647058824 0.125490196078431;0.52156862745098 0.0862745098039216 0.819607843137255;0.231372549019608 0.666666666666667 0.196078431372549;0.184313725490196 0.745098039215686 0.937254901960784;0.819607843137255 0.0156862745098039 0.545098039215686],&apos;Title&apos;,&apos;%&lt;SignalLabel&gt;&apos;,&apos;LinePropertiesCache&apos;,{{struct(&apos;Color&apos;,[1 0 0],&apos;LineStyle&apos;,&apos;-&apos;,&apos;LineWidth&apos;,2,&apos;Marker&apos;,&apos;none&apos;,&apos;Visible&apos;,&apos;on&apos;),struct(&apos;Color&apos;,[0 0 1],&apos;LineStyle&apos;,&apos;-&apos;,&apos;LineWidth&apos;,2,&apos;Marker&apos;,&apos;none&apos;,&apos;Visible&apos;,&apos;on&apos;)}},&apos;UserDefinedChannelNames&apos;,{{}},&apos;NumLines&apos;,0,&apos;LineNames&apos;,{{[]}},&apos;ShowContent&apos;,true,&apos;Placement&apos;,1)},&apos;DisplayPropertyDefaults&apos;,struct(&apos;MinYLimReal&apos;,&apos;-0.05001&apos;,&apos;MaxYLimReal&apos;,&apos;0.05001&apos;,&apos;YLabelReal&apos;,&apos;&apos;,&apos;MinYLimMag&apos;,&apos;0.00000&apos;,&apos;MaxYLimMag&apos;,&apos;0.05001&apos;,&apos;LegendVisibility&apos;,&apos;On&apos;,&apos;XGrid&apos;,true,&apos;YGrid&apos;,true,&apos;PlotMagPhase&apos;,false,&apos;AxesColor&apos;,[1 1 1],&apos;AxesTickColor&apos;,[0 0 0],&apos;ColorOrder&apos;,[1 1 0.0666666666666667;0.0745098039215686 0.623529411764706 1;1 0.411764705882353 0.16078431372549;0.392156862745098 0.831372549019608 0.0745098039215686;0.717647058823529 0.274509803921569 1;0.0588235294117647 1 1;1 0.0745098039215686 0.650980392156863],&apos;Title&apos;,&apos;%&lt;SignalLabel&gt;&apos;),&apos;DisplayContentCache&apos;,[]),extmgr.Configuration(&apos;Tools&apos;,&apos;Plot Navigation&apos;,true,&apos;PreviousAutoscale&apos;,&apos;XY&apos;,&apos;OnceAtStop&apos;,false),extmgr.Configuration(&apos;Tools&apos;,&apos;Measurements&apos;,true,&apos;Version&apos;,&apos;2024b&apos;)),&apos;Version&apos;,&apos;2024b&apos;,&apos;Position&apos;,[525.8 86.6 615.2 623.2])</P>
    <P Name="NumInputPorts">1</P>
    <P Name="Floating">off</P>
  </Block>
  <Block BlockType="Reference" Name="Prismatic" SID="10">
    <PortCounts lconn="1" rconn="1"/>
    <P Name="Position">[540, 260, 580, 300]</P>
    <P Name="ZOrder">14</P>
    <P Name="BackgroundColor">automatic</P>
    <P Name="LibraryVersion">24.21</P>
    <P Name="SourceBlock">sm_lib/Joints/Prismatic
Joint</P>
    <P Name="SourceType">Prismatic
Joint</P>
    <InstanceData>
      <P Name="LogSimulationData">off</P>
      <P Name="SimscapeInstrumentationLogging">off</P>
      <P Name="SimscapeInstrumentationVariables" Ref="bdmxdata:SimscapeInstrumentationVariables_10"/>
      <P Name="JointMode">Normal</P>
      <P Name="CompositeWrenchDir">FollowerOnBase</P>
      <P Name="CompositeWrenchFrame">BaseFrame</P>
      <P Name="SenseConstraintForce">off</P>
      <P Name="SenseConstraintTorque">off</P>
      <P Name="SenseTotalForce">off</P>
      <P Name="SenseTotalTorque">off</P>
      <P Name="PositionTargetSpecify">on</P>
      <P Name="PositionTargetPriority">Low</P>
      <P Name="PositionTargetValue">smiData.PrismaticJoint(1).Pz.Pos</P>
      <P Name="PositionTargetValue_conf">compiletime</P>
      <P Name="PositionTargetValueUnits">m</P>
      <P Name="VelocityTargetSpecify">off</P>
      <P Name="VelocityTargetPriority">High</P>
      <P Name="VelocityTargetValue">0</P>
      <P Name="VelocityTargetValue_conf">compiletime</P>
      <P Name="VelocityTargetValueUnits">m/s</P>
      <P Name="EquilibriumPosition">0</P>
      <P Name="EquilibriumPosition_conf">compiletime</P>
      <P Name="EquilibriumPositionUnits">m</P>
      <P Name="SpringStiffness">0</P>
      <P Name="SpringStiffness_conf">compiletime</P>
      <P Name="SpringStiffnessUnits">N/m</P>
      <P Name="DampingCoefficient">0</P>
      <P Name="DampingCoefficient_conf">compiletime</P>
      <P Name="DampingCoefficientUnits">N/(m/s)</P>
      <P Name="LowerLimitSpecify">off</P>
      <P Name="LowerLimitBound">-1</P>
      <P Name="LowerLimitBound_conf">compiletime</P>
      <P Name="LowerLimitBoundUnits">m</P>
      <P Name="LowerLimitStiffness">1e6</P>
      <P Name="LowerLimitStiffness_conf">compiletime</P>
      <P Name="LowerLimitStiffnessUnits">N/m</P>
      <P Name="LowerLimitDamping">1e3</P>
      <P Name="LowerLimitDamping_conf">compiletime</P>
      <P Name="LowerLimitDampingUnits">N/(m/s)</P>
      <P Name="LowerLimitTransitionRegionWidth">1e-4</P>
      <P Name="LowerLimitTransitionRegionWidth_conf">compiletime</P>
      <P Name="LowerLimitTransitionRegionWidthUnits">m</P>
      <P Name="UpperLimitSpecify">off</P>
      <P Name="UpperLimitBound">1</P>
      <P Name="UpperLimitBound_conf">compiletime</P>
      <P Name="UpperLimitBoundUnits">m</P>
      <P Name="UpperLimitStiffness">1e6</P>
      <P Name="UpperLimitStiffness_conf">compiletime</P>
      <P Name="UpperLimitStiffnessUnits">N/m</P>
      <P Name="UpperLimitDamping">1e3</P>
      <P Name="UpperLimitDamping_conf">compiletime</P>
      <P Name="UpperLimitDampingUnits">N/(m/s)</P>
      <P Name="UpperLimitTransitionRegionWidth">1e-4</P>
      <P Name="UpperLimitTransitionRegionWidth_conf">compiletime</P>
      <P Name="UpperLimitTransitionRegionWidthUnits">m</P>
      <P Name="TorqueActuationMode">NoTorque</P>
      <P Name="MotionActuationMode">ComputedMotion</P>
      <P Name="SensePosition">off</P>
      <P Name="SenseVelocity">off</P>
      <P Name="SenseAcceleration">off</P>
      <P Name="SenseTorqueForce">off</P>
      <P Name="SenseLowerLimitTorqueForce">off</P>
      <P Name="SenseUpperLimitTorqueForce">off</P>
    </InstanceData>
  </Block>
  <Block BlockType="Reference" Name="Revolute" SID="11">
    <PortCounts lconn="1" rconn="1"/>
    <P Name="Position">[540, 160, 580, 200]</P>
    <P Name="ZOrder">15</P>
    <P Name="BackgroundColor">automatic</P>
    <P Name="LibraryVersion">24.21</P>
    <P Name="SourceBlock">sm_lib/Joints/Revolute Joint</P>
    <P Name="SourceType">Revolute Joint</P>
    <InstanceData>
      <P Name="LogSimulationData">off</P>
      <P Name="SimscapeInstrumentationLogging">off</P>
      <P Name="SimscapeInstrumentationVariables" Ref="bdmxdata:SimscapeInstrumentationVariables_11"/>
      <P Name="JointMode">Normal</P>
      <P Name="CompositeWrenchDir">FollowerOnBase</P>
      <P Name="CompositeWrenchFrame">BaseFrame</P>
      <P Name="SenseConstraintForce">off</P>
      <P Name="SenseConstraintTorque">off</P>
      <P Name="SenseTotalForce">off</P>
      <P Name="SenseTotalTorque">off</P>
      <P Name="PositionTargetSpecify">on</P>
      <P Name="PositionTargetPriority">Low</P>
      <P Name="PositionTargetValue">smiData.RevoluteJoint(1).Rz.Pos</P>
      <P Name="PositionTargetValue_conf">compiletime</P>
      <P Name="PositionTargetValueUnits">deg</P>
      <P Name="VelocityTargetSpecify">off</P>
      <P Name="VelocityTargetPriority">High</P>
      <P Name="VelocityTargetValue">0</P>
      <P Name="VelocityTargetValue_conf">compiletime</P>
      <P Name="VelocityTargetValueUnits">deg/s</P>
      <P Name="EquilibriumPosition">0</P>
      <P Name="EquilibriumPosition_conf">compiletime</P>
      <P Name="EquilibriumPositionUnits">deg</P>
      <P Name="SpringStiffness">0</P>
      <P Name="SpringStiffness_conf">compiletime</P>
      <P Name="SpringStiffnessUnits">N*m/deg</P>
      <P Name="DampingCoefficient">0</P>
      <P Name="DampingCoefficient_conf">compiletime</P>
      <P Name="DampingCoefficientUnits">N*m/(deg/s)</P>
      <P Name="LowerLimitSpecify">off</P>
      <P Name="LowerLimitBound">-90</P>
      <P Name="LowerLimitBound_conf">compiletime</P>
      <P Name="LowerLimitBoundUnits">deg</P>
      <P Name="LowerLimitStiffness">1e4</P>
      <P Name="LowerLimitStiffness_conf">compiletime</P>
      <P Name="LowerLimitStiffnessUnits">N*m/deg</P>
      <P Name="LowerLimitDamping">10</P>
      <P Name="LowerLimitDamping_conf">compiletime</P>
      <P Name="LowerLimitDampingUnits">N*m/(deg/s)</P>
      <P Name="LowerLimitTransitionRegionWidth">0.1</P>
      <P Name="LowerLimitTransitionRegionWidth_conf">compiletime</P>
      <P Name="LowerLimitTransitionRegionWidthUnits">deg</P>
      <P Name="UpperLimitSpecify">off</P>
      <P Name="UpperLimitBound">90</P>
      <P Name="UpperLimitBound_conf">compiletime</P>
      <P Name="UpperLimitBoundUnits">deg</P>
      <P Name="UpperLimitStiffness">1e4</P>
      <P Name="UpperLimitStiffness_conf">compiletime</P>
      <P Name="UpperLimitStiffnessUnits">N*m/deg</P>
      <P Name="UpperLimitDamping">10</P>
      <P Name="UpperLimitDamping_conf">compiletime</P>
      <P Name="UpperLimitDampingUnits">N*m/(deg/s)</P>
      <P Name="UpperLimitTransitionRegionWidth">0.1</P>
      <P Name="UpperLimitTransitionRegionWidth_conf">compiletime</P>
      <P Name="UpperLimitTransitionRegionWidthUnits">deg</P>
      <P Name="TorqueActuationMode">NoTorque</P>
      <P Name="MotionActuationMode">ComputedMotion</P>
      <P Name="SensePosition">off</P>
      <P Name="SenseVelocity">off</P>
      <P Name="SenseAcceleration">off</P>
      <P Name="SenseTorqueForce">off</P>
      <P Name="SenseLowerLimitTorqueForce">off</P>
      <P Name="SenseUpperLimitTorqueForce">off</P>
    </InstanceData>
  </Block>
  <Block BlockType="Reference" Name="Revolute1" SID="12">
    <PortCounts lconn="2" rconn="2"/>
    <P Name="Position">[340, 130, 380, 170]</P>
    <P Name="ZOrder">16</P>
    <P Name="BackgroundColor">automatic</P>
    <P Name="LibraryVersion">24.21</P>
    <P Name="SourceBlock">sm_lib/Joints/Revolute Joint</P>
    <P Name="SourceType">Revolute Joint</P>
    <InstanceData>
      <P Name="LogSimulationData">off</P>
      <P Name="SimscapeInstrumentationLogging">off</P>
      <P Name="SimscapeInstrumentationVariables" Ref="bdmxdata:SimscapeInstrumentationVariables_12"/>
      <P Name="JointMode">Normal</P>
      <P Name="CompositeWrenchDir">FollowerOnBase</P>
      <P Name="CompositeWrenchFrame">BaseFrame</P>
      <P Name="SenseConstraintForce">off</P>
      <P Name="SenseConstraintTorque">off</P>
      <P Name="SenseTotalForce">off</P>
      <P Name="SenseTotalTorque">off</P>
      <P Name="PositionTargetSpecify">on</P>
      <P Name="PositionTargetPriority">Low</P>
      <P Name="PositionTargetValue">smiData.RevoluteJoint(2).Rz.Pos</P>
      <P Name="PositionTargetValue_conf">compiletime</P>
      <P Name="PositionTargetValueUnits">deg</P>
      <P Name="VelocityTargetSpecify">off</P>
      <P Name="VelocityTargetPriority">High</P>
      <P Name="VelocityTargetValue">0</P>
      <P Name="VelocityTargetValue_conf">compiletime</P>
      <P Name="VelocityTargetValueUnits">deg/s</P>
      <P Name="EquilibriumPosition">0</P>
      <P Name="EquilibriumPosition_conf">compiletime</P>
      <P Name="EquilibriumPositionUnits">deg</P>
      <P Name="SpringStiffness">0</P>
      <P Name="SpringStiffness_conf">compiletime</P>
      <P Name="SpringStiffnessUnits">N*m/deg</P>
      <P Name="DampingCoefficient">0</P>
      <P Name="DampingCoefficient_conf">compiletime</P>
      <P Name="DampingCoefficientUnits">N*m/(deg/s)</P>
      <P Name="LowerLimitSpecify">off</P>
      <P Name="LowerLimitBound">-90</P>
      <P Name="LowerLimitBound_conf">compiletime</P>
      <P Name="LowerLimitBoundUnits">deg</P>
      <P Name="LowerLimitStiffness">1e4</P>
      <P Name="LowerLimitStiffness_conf">compiletime</P>
      <P Name="LowerLimitStiffnessUnits">N*m/deg</P>
      <P Name="LowerLimitDamping">10</P>
      <P Name="LowerLimitDamping_conf">compiletime</P>
      <P Name="LowerLimitDampingUnits">N*m/(deg/s)</P>
      <P Name="LowerLimitTransitionRegionWidth">0.1</P>
      <P Name="LowerLimitTransitionRegionWidth_conf">compiletime</P>
      <P Name="LowerLimitTransitionRegionWidthUnits">deg</P>
      <P Name="UpperLimitSpecify">off</P>
      <P Name="UpperLimitBound">90</P>
      <P Name="UpperLimitBound_conf">compiletime</P>
      <P Name="UpperLimitBoundUnits">deg</P>
      <P Name="UpperLimitStiffness">1e4</P>
      <P Name="UpperLimitStiffness_conf">compiletime</P>
      <P Name="UpperLimitStiffnessUnits">N*m/deg</P>
      <P Name="UpperLimitDamping">10</P>
      <P Name="UpperLimitDamping_conf">compiletime</P>
      <P Name="UpperLimitDampingUnits">N*m/(deg/s)</P>
      <P Name="UpperLimitTransitionRegionWidth">0.1</P>
      <P Name="UpperLimitTransitionRegionWidth_conf">compiletime</P>
      <P Name="UpperLimitTransitionRegionWidthUnits">deg</P>
      <P Name="TorqueActuationMode">InputTorque</P>
      <P Name="MotionActuationMode">ComputedMotion</P>
      <P Name="SensePosition">on</P>
      <P Name="SenseVelocity">off</P>
      <P Name="SenseAcceleration">off</P>
      <P Name="SenseTorqueForce">off</P>
      <P Name="SenseLowerLimitTorqueForce">off</P>
      <P Name="SenseUpperLimitTorqueForce">off</P>
    </InstanceData>
  </Block>
  <Block BlockType="Reference" Name="Revolute2" SID="13">
    <PortCounts lconn="1" rconn="1"/>
    <P Name="Position">[745, 90, 785, 130]</P>
    <P Name="ZOrder">17</P>
    <P Name="BackgroundColor">automatic</P>
    <P Name="LibraryVersion">24.21</P>
    <P Name="SourceBlock">sm_lib/Joints/Revolute Joint</P>
    <P Name="SourceType">Revolute Joint</P>
    <InstanceData>
      <P Name="LogSimulationData">off</P>
      <P Name="SimscapeInstrumentationLogging">off</P>
      <P Name="SimscapeInstrumentationVariables" Ref="bdmxdata:SimscapeInstrumentationVariables_13"/>
      <P Name="JointMode">Normal</P>
      <P Name="CompositeWrenchDir">FollowerOnBase</P>
      <P Name="CompositeWrenchFrame">BaseFrame</P>
      <P Name="SenseConstraintForce">off</P>
      <P Name="SenseConstraintTorque">off</P>
      <P Name="SenseTotalForce">off</P>
      <P Name="SenseTotalTorque">off</P>
      <P Name="PositionTargetSpecify">on</P>
      <P Name="PositionTargetPriority">Low</P>
      <P Name="PositionTargetValue">smiData.RevoluteJoint(3).Rz.Pos</P>
      <P Name="PositionTargetValue_conf">compiletime</P>
      <P Name="PositionTargetValueUnits">deg</P>
      <P Name="VelocityTargetSpecify">off</P>
      <P Name="VelocityTargetPriority">High</P>
      <P Name="VelocityTargetValue">0</P>
      <P Name="VelocityTargetValue_conf">compiletime</P>
      <P Name="VelocityTargetValueUnits">deg/s</P>
      <P Name="EquilibriumPosition">0</P>
      <P Name="EquilibriumPosition_conf">compiletime</P>
      <P Name="EquilibriumPositionUnits">deg</P>
      <P Name="SpringStiffness">0</P>
      <P Name="SpringStiffness_conf">compiletime</P>
      <P Name="SpringStiffnessUnits">N*m/deg</P>
      <P Name="DampingCoefficient">0</P>
      <P Name="DampingCoefficient_conf">compiletime</P>
      <P Name="DampingCoefficientUnits">N*m/(deg/s)</P>
      <P Name="LowerLimitSpecify">off</P>
      <P Name="LowerLimitBound">-90</P>
      <P Name="LowerLimitBound_conf">compiletime</P>
      <P Name="LowerLimitBoundUnits">deg</P>
      <P Name="LowerLimitStiffness">1e4</P>
      <P Name="LowerLimitStiffness_conf">compiletime</P>
      <P Name="LowerLimitStiffnessUnits">N*m/deg</P>
      <P Name="LowerLimitDamping">10</P>
      <P Name="LowerLimitDamping_conf">compiletime</P>
      <P Name="LowerLimitDampingUnits">N*m/(deg/s)</P>
      <P Name="LowerLimitTransitionRegionWidth">0.1</P>
      <P Name="LowerLimitTransitionRegionWidth_conf">compiletime</P>
      <P Name="LowerLimitTransitionRegionWidthUnits">deg</P>
      <P Name="UpperLimitSpecify">off</P>
      <P Name="UpperLimitBound">90</P>
      <P Name="UpperLimitBound_conf">compiletime</P>
      <P Name="UpperLimitBoundUnits">deg</P>
      <P Name="UpperLimitStiffness">1e4</P>
      <P Name="UpperLimitStiffness_conf">compiletime</P>
      <P Name="UpperLimitStiffnessUnits">N*m/deg</P>
      <P Name="UpperLimitDamping">10</P>
      <P Name="UpperLimitDamping_conf">compiletime</P>
      <P Name="UpperLimitDampingUnits">N*m/(deg/s)</P>
      <P Name="UpperLimitTransitionRegionWidth">0.1</P>
      <P Name="UpperLimitTransitionRegionWidth_conf">compiletime</P>
      <P Name="UpperLimitTransitionRegionWidthUnits">deg</P>
      <P Name="TorqueActuationMode">NoTorque</P>
      <P Name="MotionActuationMode">ComputedMotion</P>
      <P Name="SensePosition">off</P>
      <P Name="SenseVelocity">off</P>
      <P Name="SenseAcceleration">off</P>
      <P Name="SenseTorqueForce">off</P>
      <P Name="SenseLowerLimitTorqueForce">off</P>
      <P Name="SenseUpperLimitTorqueForce">off</P>
    </InstanceData>
  </Block>
  <Block BlockType="Reference" Name="Simulink-PS&#xA;Converter" SID="98">
    <PortCounts in="1" rconn="1"/>
    <P Name="Position">[260, 397, 275, 413]</P>
    <P Name="ZOrder">323</P>
    <P Name="LibraryVersion">7.0</P>
    <P Name="SourceBlock">nesl_utility/Simulink-PS
Converter</P>
    <P Name="SourceType">Simulink-PS
Converter</P>
    <InstanceData>
      <P Name="RTWMemSecFuncInitTerm">Inherit from model</P>
      <P Name="RTWMemSecFuncExecute">Inherit from model</P>
      <P Name="RTWMemSecDataConstants">Inherit from model</P>
      <P Name="RTWMemSecDataInternal">Inherit from model</P>
      <P Name="RTWMemSecDataParameters">Inherit from model</P>
      <P Name="ContentPreviewEnabled">on</P>
      <P Name="PhysicalDomain">network_engine_domain</P>
      <P Name="SubClassName">ps_input</P>
      <P Name="LeftPortType">input</P>
      <P Name="RightPortType">output</P>
      <P Name="PseudoPeriodic">off</P>
      <P Name="Frequencies">[]</P>
      <P Name="NoiseDistribution">none</P>
      <P Name="NoiseParameters">[]</P>
      <P Name="Unit">1</P>
      <P Name="AffineConversion">off</P>
      <P Name="FilteringAndDerivatives">provide</P>
      <P Name="SimscapeFilterOrder">1</P>
      <P Name="InputFilterTimeConstant">0.001</P>
      <P Name="UdotUserProvided">0</P>
    </InstanceData>
  </Block>
  <Block BlockType="Reference" Name="Solver&#xA;Configuration" SID="91">
    <PortCounts rconn="1"/>
    <P Name="Position">[30, 180, 70, 220]</P>
    <P Name="ZOrder">23</P>
    <P Name="ShowName">off</P>
    <P Name="LibraryVersion">7.0</P>
    <P Name="SourceBlock">nesl_utility/Solver
Configuration</P>
    <P Name="SourceType">Solver
Configuration</P>
    <InstanceData>
      <P Name="RTWMemSecFuncInitTerm">Inherit from model</P>
      <P Name="RTWMemSecFuncExecute">Inherit from model</P>
      <P Name="RTWMemSecDataConstants">Inherit from model</P>
      <P Name="RTWMemSecDataInternal">Inherit from model</P>
      <P Name="RTWMemSecDataParameters">Inherit from model</P>
      <P Name="ContentPreviewEnabled">on</P>
      <P Name="PhysicalDomain">network_engine_domain</P>
      <P Name="SubClassName">solver</P>
      <P Name="LeftPortType">input</P>
      <P Name="RightPortType">generic</P>
      <P Name="Tones">[]</P>
      <P Name="Harmonics">[]</P>
      <P Name="SimulateNoise">off</P>
      <P Name="Profile">off</P>
      <P Name="UseLocalSampling">off</P>
      <P Name="EnableSwitchedLinearOptims">on</P>
      <P Name="FrequencyDomain">off</P>
      <P Name="UseCCode">off</P>
      <P Name="RelTol">0.001</P>
      <P Name="AbsTol">0.001</P>
      <P Name="MinStep">1e-09</P>
      <P Name="ToWorkspace">off</P>
      <P Name="RevertToSquareIcSolve">off</P>
      <P Name="NumHomotopyIterations">100</P>
      <P Name="PhasorMode">off</P>
      <P Name="PhasorModeNumHarmonics">1</P>
      <P Name="ConsistencySolver">NEWTON_XTOL_AFTER_FTOL</P>
      <P Name="IndexReductionMethod">DerivativeReplacement</P>
      <P Name="DoDC">off</P>
      <P Name="ResidualTolerance">1e-09</P>
      <P Name="ConsistencyTolSource">GLOBAL</P>
      <P Name="ConsistencyAbsTol">0.99</P>
      <P Name="ConsistencyRelTol">0.99</P>
      <P Name="ConsistencyTolFactor">0.99</P>
      <P Name="UseLocalSolver">off</P>
      <P Name="LocalSolverChoice">NE_BACKWARD_EULER_ADVANCER</P>
      <P Name="ResolveIndetEquations">on</P>
      <P Name="FunctionEvalNumThread">1</P>
      <P Name="LocalSolverSampleTime">0.001</P>
      <P Name="DoFixedCost">off</P>
      <P Name="MaxNonlinIter">3</P>
      <P Name="MaxModeIter">2</P>
      <P Name="ComputeImpulses">off</P>
      <P Name="ImpulseIterations">2</P>
      <P Name="LinearAlgebra">auto</P>
      <P Name="LinearAlgebraNumThread">0</P>
      <P Name="EquationFormulation">NE_TIME_EF</P>
      <P Name="DelaysMemoryBudget">1024</P>
      <P Name="AutomaticFiltering">on</P>
      <P Name="FilteringTimeConstant">0.001</P>
      <P Name="PartitionStorageMethod">AS_NEEDED</P>
      <P Name="PartitionMemoryBudget">1024</P>
      <P Name="PartitionMethod">ROBUST</P>
      <P Name="MultibodyUseLocalSolver">off</P>
      <P Name="MultibodyLocalSolverChoice">ODE1</P>
      <P Name="MultibodyLocalSolverSampleTime">0.001</P>
    </InstanceData>
  </Block>
  <Block BlockType="Sum" Name="Sum" SID="99">
    <PortCounts in="2" out="1"/>
    <P Name="Position">[160, 385, 180, 405]</P>
    <P Name="ZOrder">327</P>
    <P Name="Inputs">|+-</P>
  </Block>
  <Block BlockType="Reference" Name="Transform" SID="14">
    <PortCounts lconn="1" rconn="1"/>
    <P Name="Position">[130, 130, 170, 170]</P>
    <P Name="ZOrder">18</P>
    <P Name="BackgroundColor">automatic</P>
    <P Name="LibraryVersion">24.21</P>
    <P Name="SourceBlock">sm_lib/Frames and
Transforms/Rigid
Transform</P>
    <P Name="SourceType">Rigid
Transform</P>
    <InstanceData>
      <P Name="LogSimulationData">off</P>
      <P Name="SimscapeInstrumentationLogging">off</P>
      <P Name="SimscapeInstrumentationVariables" Ref="bdmxdata:SimscapeInstrumentationVariables_14"/>
      <P Name="RotationMethod">ArbitraryAxis</P>
      <P Name="FollAlignAxisA">+X</P>
      <P Name="BaseAlignAxisA">+Y</P>
      <P Name="FollAlignAxisB">+Y</P>
      <P Name="BaseAlignAxisB">+Z</P>
      <P Name="RotationStandardAxis">+Z</P>
      <P Name="RotationAngle">smiData.RigidTransform(10).angle</P>
      <P Name="RotationAngle_conf">compiletime</P>
      <P Name="RotationAngleUnits">rad</P>
      <P Name="RotationArbitraryAxis">smiData.RigidTransform(10).axis</P>
      <P Name="RotationArbitraryAxis_conf">compiletime</P>
      <P Name="RotationSequenceAxes">FollowerAxes</P>
      <P Name="RotationSequence">XYX</P>
      <P Name="RotationSequenceAngles">[0 0 0]</P>
      <P Name="RotationSequenceAngles_conf">compiletime</P>
      <P Name="RotationSequenceAnglesUnits">deg</P>
      <P Name="RotationMatrix">[1 0 0;0 1 0;0 0 1]</P>
      <P Name="RotationMatrix_conf">compiletime</P>
      <P Name="Quaternion">[1 0 0 0]</P>
      <P Name="Quaternion_conf">compiletime</P>
      <P Name="TranslationMethod">Cartesian</P>
      <P Name="TranslationCartesianOffset">smiData.RigidTransform(10).translation</P>
      <P Name="TranslationCartesianOffset_conf">compiletime</P>
      <P Name="TranslationCartesianOffsetUnits">in</P>
      <P Name="TranslationStandardAxis">+Z</P>
      <P Name="TranslationStandardOffset">0</P>
      <P Name="TranslationStandardOffset_conf">compiletime</P>
      <P Name="TranslationStandardOffsetUnits">m</P>
      <P Name="TranslationROffset">0</P>
      <P Name="TranslationROffset_conf">compiletime</P>
      <P Name="TranslationROffsetUnits">m</P>
      <P Name="TranslationThetaOffset">0</P>
      <P Name="TranslationThetaOffset_conf">compiletime</P>
      <P Name="TranslationThetaOffsetUnits">deg</P>
      <P Name="TranslationZOffset">0</P>
      <P Name="TranslationZOffset_conf">compiletime</P>
      <P Name="TranslationZOffsetUnits">m</P>
    </InstanceData>
  </Block>
  <Block BlockType="Reference" Name="World" SID="15">
    <PortCounts rconn="1"/>
    <P Name="Position">[30, 80, 70, 120]</P>
    <P Name="ZOrder">19</P>
    <P Name="BackgroundColor">automatic</P>
    <P Name="LibraryVersion">24.21</P>
    <P Name="SourceBlock">sm_lib/Frames and
Transforms/World Frame</P>
    <P Name="SourceType">World Frame</P>
    <InstanceData>
      <P Name="LogSimulationData">off</P>
      <P Name="SimscapeInstrumentationLogging">off</P>
      <P Name="SimscapeInstrumentationVariables" Ref="bdmxdata:SimscapeInstrumentationVariables_15"/>
    </InstanceData>
  </Block>
  <Block BlockType="SubSystem" Name="crank_Assembly_1_RIGID" SID="16">
    <PortCounts lconn="2"/>
    <P Name="Position">[640, 80, 680, 120]</P>
    <P Name="ZOrder">20</P>
    <P Name="ContentPreviewEnabled">on</P>
    <Mask>
      <Display/>
    </Mask>
    <System Ref="system_16"/>
  </Block>
  <Block BlockType="SubSystem" Name="male_fork_stp_2_RIGID" SID="17">
    <PortCounts lconn="3" rconn="2"/>
    <P Name="Position">[440, 205, 480, 245]</P>
    <P Name="ZOrder">21</P>
    <P Name="ContentPreviewEnabled">on</P>
    <Mask>
      <Display/>
    </Mask>
    <System Ref="system_17"/>
  </Block>
  <Block BlockType="SubSystem" Name="support_3_RIGID" SID="18">
    <PortCounts lconn="1" rconn="3"/>
    <P Name="Position">[235, 130, 275, 170]</P>
    <P Name="ZOrder">22</P>
    <P Name="ContentPreviewEnabled">on</P>
    <Mask>
      <Display/>
    </Mask>
    <System Ref="system_18"/>
  </Block>
  <Line LineType="Connection">
    <P Name="ZOrder">1</P>
    <P Name="Points">[95, 200; 5, 0; 0, -50; 15, 0]</P>
    <P Name="Dst">14#lconn:1</P>
    <Branch ConnectType="SRC_DEST">
      <P Name="Points">[85, 200; 10, 0]</P>
      <Branch ConnectType="SRC_DEST">
        <P Name="Src">4#rconn:1</P>
        <P Name="Points">[0, 0]</P>
      </Branch>
      <Branch ConnectType="SRC_SRC">
        <P Name="Dst">91#rconn:1</P>
      </Branch>
    </Branch>
    <Branch ConnectType="SRC_SRC">
      <P Name="Points">[0, -100]</P>
      <P Name="Dst">15#rconn:1</P>
    </Branch>
  </Line>
  <Line LineType="Connection">
    <P Name="ZOrder">4</P>
    <P Name="Src">1#rconn:2</P>
    <P Name="Points">[15, 0; 0, 15]</P>
    <P Name="Dst">2#lconn:1</P>
  </Line>
  <Line LineType="Connection">
    <P Name="ZOrder">5</P>
    <P Name="Src">1#lconn:1</P>
    <P Name="Points">[-15, 0; 0, -20]</P>
    <P Name="Dst">11#rconn:1</P>
  </Line>
  <Line LineType="Connection">
    <P Name="ZOrder">6</P>
    <P Name="Src">5#lconn:1</P>
    <P Name="Points">[-10, 0; 0, -85]</P>
    <P Name="Dst">17#lconn:3</P>
  </Line>
  <Line LineType="Connection">
    <P Name="ZOrder">7</P>
    <P Name="Src">6#lconn:1</P>
    <P Name="Points">[-10, 0; 0, 85]</P>
    <P Name="Dst">17#lconn:1</P>
  </Line>
  <Line LineType="Connection">
    <P Name="ZOrder">8</P>
    <P Name="Src">12#lconn:1</P>
    <P Name="Points">[-6, 0; 0, 10]</P>
    <P Name="Dst">18#rconn:2</P>
  </Line>
  <Line LineType="Connection">
    <P Name="ZOrder">9</P>
    <P Name="Src">12#rconn:1</P>
    <P Name="Points">[27, 0; 0, 85]</P>
    <P Name="Dst">17#lconn:2</P>
  </Line>
  <Line LineType="Connection">
    <P Name="ZOrder">10</P>
    <P Name="Src">1#rconn:1</P>
    <P Name="Points">[15, 0; 0, -80]</P>
    <P Name="Dst">13#lconn:1</P>
  </Line>
  <Line LineType="Connection">
    <P Name="ZOrder">11</P>
    <P Name="Src">3#lconn:2</P>
    <P Name="Points">[-15, 0; 0, 10]</P>
    <P Name="Dst">13#rconn:1</P>
  </Line>
  <Line LineType="Connection">
    <P Name="ZOrder">12</P>
    <P Name="Src">8#lconn:1</P>
    <P Name="Points">[-15, 0; 0, 85]</P>
    <P Name="Dst">18#rconn:1</P>
  </Line>
  <Line LineType="Connection">
    <P Name="ZOrder">13</P>
    <P Name="Src">3#lconn:1</P>
    <P Name="Points">[-145, 0; 0, -35]</P>
    <P Name="Dst">8#rconn:1</P>
  </Line>
  <Line LineType="Connection">
    <P Name="ZOrder">14</P>
    <P Name="Src">2#rconn:1</P>
    <P Name="Points">[15, 0; 0, -15]</P>
    <P Name="Dst">7#lconn:2</P>
  </Line>
  <Line LineType="Connection">
    <P Name="ZOrder">15</P>
    <P Name="Src">3#lconn:3</P>
    <P Name="Points">[-5, 0; 0, 75]</P>
    <P Name="Dst">7#lconn:1</P>
  </Line>
  <Line LineType="Connection">
    <P Name="ZOrder">16</P>
    <P Name="Src">10#lconn:1</P>
    <P Name="Points">[-15, 0; 0, -45]</P>
    <P Name="Dst">17#rconn:2</P>
  </Line>
  <Line LineType="Connection">
    <P Name="ZOrder">17</P>
    <P Name="Src">10#rconn:1</P>
    <P Name="Points">[25, 0; 0, -170]</P>
    <P Name="Dst">16#lconn:2</P>
  </Line>
  <Line LineType="Connection">
    <P Name="ZOrder">18</P>
    <P Name="Src">9#lconn:1</P>
    <P Name="Points">[-15, 0; 0, -85]</P>
    <P Name="Dst">18#rconn:3</P>
  </Line>
  <Line LineType="Connection">
    <P Name="ZOrder">19</P>
    <P Name="Src">9#rconn:1</P>
    <P Name="Points">[230, 0; 0, -160]</P>
    <P Name="Dst">16#lconn:1</P>
  </Line>
  <Line LineType="Connection">
    <P Name="ZOrder">20</P>
    <P Name="Src">14#rconn:1</P>
    <P Name="Dst">18#lconn:1</P>
  </Line>
  <Line LineType="Connection">
    <P Name="ZOrder">21</P>
    <P Name="Src">11#lconn:1</P>
    <P Name="Points">[-15, 0; 0, 35]</P>
    <P Name="Dst">17#rconn:1</P>
  </Line>
  <Line LineType="Connection">
    <P Name="ZOrder">36</P>
    <P Name="Src">96#lconn:1</P>
    <P Name="Points">[-20, 0]</P>
    <P Name="Dst">12#rconn:2</P>
  </Line>
  <Line LineType="Connection">
    <P Name="ZOrder">35</P>
    <P Name="Src">98#rconn:1</P>
    <P Name="Points">[23, 0; 0, -245]</P>
    <P Name="Dst">12#lconn:2</P>
  </Line>
  <Line>
    <P Name="ZOrder">45</P>
    <P Name="Src">99#out:1</P>
    <P Name="Dst">101#in:1</P>
  </Line>
  <Line>
    <P Name="ZOrder">44</P>
    <P Name="Src">101#out:1</P>
    <P Name="Dst">98#in:1</P>
  </Line>
  <Line>
    <P Name="ZOrder">46</P>
    <P Name="Src">103#out:1</P>
    <P Name="Dst">102#in:1</P>
  </Line>
  <Line>
    <P Name="ZOrder">47</P>
    <P Name="Src">102#out:1</P>
    <P Name="Dst">104#in:1</P>
  </Line>
  <Line>
    <P Name="ZOrder">49</P>
    <P Name="Src">96#out:1</P>
    <P Name="Points">[54, 0; 0, 88; -15, 0]</P>
    <Branch>
      <P Name="ZOrder">63</P>
      <P Name="Points">[0, 23; -118, 0; 0, -51]</P>
      <P Name="Dst">106#in:2</P>
    </Branch>
    <Branch>
      <P Name="ZOrder">62</P>
      <P Name="Points">[-319, 0]</P>
      <P Name="Dst">99#in:2</P>
    </Branch>
  </Line>
  <Line>
    <P Name="ZOrder">55</P>
    <P Name="Src">104#out:1</P>
    <P Name="Points">[19, 0]</P>
    <Branch>
      <P Name="ZOrder">61</P>
      <P Name="Points">[0, 77; 341, 0; 0, -42]</P>
      <P Name="Dst">106#in:1</P>
    </Branch>
    <Branch>
      <P Name="ZOrder">60</P>
      <P Name="Points">[38, 0; 0, 35]</P>
      <P Name="Dst">99#in:1</P>
    </Branch>
  </Line>
</System>
