<?xml version="1.0" encoding="utf-8"?>
<System>
  <P Name="Location">[-1, -7, 1537, 817]</P>
  <P Name="Open">on</P>
  <P Name="ZoomFactor">80</P>
  <P Name="ReportName">simulink-default.rpt</P>
  <P Name="SIDHighWatermark">86</P>
  <Block BlockType="SubSystem" Name="Black_Exterieur_Groupe_AllCATPart_1_RIGID" SID="1">
    <PortCounts lconn="1" rconn="1"/>
    <P Name="Position">[65, 180, 105, 220]</P>
    <P Name="ZOrder">1</P>
    <P Name="ContentPreviewEnabled">on</P>
    <Mask>
      <Display/>
    </Mask>
    <System Ref="system_1"/>
  </Block>
  <Block BlockType="SubSystem" Name="Croission_AllCATPart_stp_1_RIGID" SID="2">
    <PortCounts lconn="1" rconn="1"/>
    <P Name="Position">[235, 105, 275, 145]</P>
    <P Name="ZOrder">2</P>
    <P Name="ContentPreviewEnabled">on</P>
    <Mask>
      <Display/>
    </Mask>
    <System Ref="system_2"/>
  </Block>
  <Block BlockType="Reference" Name="Cylindrical&#xA;Joint" SID="81">
    <PortCounts lconn="1" rconn="1"/>
    <P Name="Position">[975, 130, 1015, 170]</P>
    <P Name="ZOrder">25</P>
    <P Name="BackgroundColor">automatic</P>
    <P Name="LibraryVersion">24.21</P>
    <P Name="SourceBlock">sm_lib/Joints/Cylindrical
Joint</P>
    <P Name="SourceType">Cylindrical
Joint</P>
    <InstanceData>
      <P Name="LogSimulationData">off</P>
      <P Name="SimscapeInstrumentationLogging">off</P>
      <P Name="SimscapeInstrumentationVariables" Ref="bdmxdata:SimscapeInstrumentationVariables_81"/>
      <P Name="JointMode">Normal</P>
      <P Name="CompositeWrenchDir">FollowerOnBase</P>
      <P Name="CompositeWrenchFrame">BaseFrame</P>
      <P Name="SenseConstraintForce">off</P>
      <P Name="SenseConstraintTorque">off</P>
      <P Name="SenseTotalForce">off</P>
      <P Name="SenseTotalTorque">off</P>
      <P Name="RzPositionTargetSpecify">off</P>
      <P Name="RzPositionTargetPriority">High</P>
      <P Name="RzPositionTargetValue">0</P>
      <P Name="RzPositionTargetValue_conf">compiletime</P>
      <P Name="RzPositionTargetValueUnits">deg</P>
      <P Name="RzVelocityTargetSpecify">off</P>
      <P Name="RzVelocityTargetPriority">High</P>
      <P Name="RzVelocityTargetValue">0</P>
      <P Name="RzVelocityTargetValue_conf">compiletime</P>
      <P Name="RzVelocityTargetValueUnits">deg/s</P>
      <P Name="RzEquilibriumPosition">0</P>
      <P Name="RzEquilibriumPosition_conf">compiletime</P>
      <P Name="RzEquilibriumPositionUnits">deg</P>
      <P Name="RzSpringStiffness">0</P>
      <P Name="RzSpringStiffness_conf">compiletime</P>
      <P Name="RzSpringStiffnessUnits">N*m/deg</P>
      <P Name="RzDampingCoefficient">0</P>
      <P Name="RzDampingCoefficient_conf">compiletime</P>
      <P Name="RzDampingCoefficientUnits">N*m/(deg/s)</P>
      <P Name="RzLowerLimitSpecify">off</P>
      <P Name="RzLowerLimitBound">-90</P>
      <P Name="RzLowerLimitBound_conf">compiletime</P>
      <P Name="RzLowerLimitBoundUnits">deg</P>
      <P Name="RzLowerLimitStiffness">1e4</P>
      <P Name="RzLowerLimitStiffness_conf">compiletime</P>
      <P Name="RzLowerLimitStiffnessUnits">N*m/deg</P>
      <P Name="RzLowerLimitDamping">10</P>
      <P Name="RzLowerLimitDamping_conf">compiletime</P>
      <P Name="RzLowerLimitDampingUnits">N*m/(deg/s)</P>
      <P Name="RzLowerLimitTransitionRegionWidth">0.1</P>
      <P Name="RzLowerLimitTransitionRegionWidth_conf">compiletime</P>
      <P Name="RzLowerLimitTransitionRegionWidthUnits">deg</P>
      <P Name="RzUpperLimitSpecify">off</P>
      <P Name="RzUpperLimitBound">90</P>
      <P Name="RzUpperLimitBound_conf">compiletime</P>
      <P Name="RzUpperLimitBoundUnits">deg</P>
      <P Name="RzUpperLimitStiffness">1e4</P>
      <P Name="RzUpperLimitStiffness_conf">compiletime</P>
      <P Name="RzUpperLimitStiffnessUnits">N*m/deg</P>
      <P Name="RzUpperLimitDamping">10</P>
      <P Name="RzUpperLimitDamping_conf">compiletime</P>
      <P Name="RzUpperLimitDampingUnits">N*m/(deg/s)</P>
      <P Name="RzUpperLimitTransitionRegionWidth">0.1</P>
      <P Name="RzUpperLimitTransitionRegionWidth_conf">compiletime</P>
      <P Name="RzUpperLimitTransitionRegionWidthUnits">deg</P>
      <P Name="RzTorqueActuationMode">NoTorque</P>
      <P Name="RzMotionActuationMode">ComputedMotion</P>
      <P Name="RzSensePosition">off</P>
      <P Name="RzSenseVelocity">off</P>
      <P Name="RzSenseAcceleration">off</P>
      <P Name="RzSenseTorqueForce">off</P>
      <P Name="RzSenseLowerLimitTorqueForce">off</P>
      <P Name="RzSenseUpperLimitTorqueForce">off</P>
      <P Name="PzPositionTargetSpecify">off</P>
      <P Name="PzPositionTargetPriority">High</P>
      <P Name="PzPositionTargetValue">0</P>
      <P Name="PzPositionTargetValue_conf">compiletime</P>
      <P Name="PzPositionTargetValueUnits">m</P>
      <P Name="PzVelocityTargetSpecify">off</P>
      <P Name="PzVelocityTargetPriority">High</P>
      <P Name="PzVelocityTargetValue">0</P>
      <P Name="PzVelocityTargetValue_conf">compiletime</P>
      <P Name="PzVelocityTargetValueUnits">m/s</P>
      <P Name="PzEquilibriumPosition">0</P>
      <P Name="PzEquilibriumPosition_conf">compiletime</P>
      <P Name="PzEquilibriumPositionUnits">m</P>
      <P Name="PzSpringStiffness">0</P>
      <P Name="PzSpringStiffness_conf">compiletime</P>
      <P Name="PzSpringStiffnessUnits">N/m</P>
      <P Name="PzDampingCoefficient">0</P>
      <P Name="PzDampingCoefficient_conf">compiletime</P>
      <P Name="PzDampingCoefficientUnits">N/(m/s)</P>
      <P Name="PzLowerLimitSpecify">off</P>
      <P Name="PzLowerLimitBound">-1</P>
      <P Name="PzLowerLimitBound_conf">compiletime</P>
      <P Name="PzLowerLimitBoundUnits">m</P>
      <P Name="PzLowerLimitStiffness">1e6</P>
      <P Name="PzLowerLimitStiffness_conf">compiletime</P>
      <P Name="PzLowerLimitStiffnessUnits">N/m</P>
      <P Name="PzLowerLimitDamping">1e3</P>
      <P Name="PzLowerLimitDamping_conf">compiletime</P>
      <P Name="PzLowerLimitDampingUnits">N/(m/s)</P>
      <P Name="PzLowerLimitTransitionRegionWidth">1e-4</P>
      <P Name="PzLowerLimitTransitionRegionWidth_conf">compiletime</P>
      <P Name="PzLowerLimitTransitionRegionWidthUnits">m</P>
      <P Name="PzUpperLimitSpecify">off</P>
      <P Name="PzUpperLimitBound">1</P>
      <P Name="PzUpperLimitBound_conf">compiletime</P>
      <P Name="PzUpperLimitBoundUnits">m</P>
      <P Name="PzUpperLimitStiffness">1e6</P>
      <P Name="PzUpperLimitStiffness_conf">compiletime</P>
      <P Name="PzUpperLimitStiffnessUnits">N/m</P>
      <P Name="PzUpperLimitDamping">1e3</P>
      <P Name="PzUpperLimitDamping_conf">compiletime</P>
      <P Name="PzUpperLimitDampingUnits">N/(m/s)</P>
      <P Name="PzUpperLimitTransitionRegionWidth">1e-4</P>
      <P Name="PzUpperLimitTransitionRegionWidth_conf">compiletime</P>
      <P Name="PzUpperLimitTransitionRegionWidthUnits">m</P>
      <P Name="PzTorqueActuationMode">NoTorque</P>
      <P Name="PzMotionActuationMode">ComputedMotion</P>
      <P Name="PzSensePosition">off</P>
      <P Name="PzSenseVelocity">off</P>
      <P Name="PzSenseAcceleration">off</P>
      <P Name="PzSenseTorqueForce">off</P>
      <P Name="PzSenseLowerLimitTorqueForce">off</P>
      <P Name="PzSenseUpperLimitTorqueForce">off</P>
    </InstanceData>
  </Block>
  <Block BlockType="Reference" Name="Cylindrical&#xA;Joint1" SID="83">
    <PortCounts lconn="1" rconn="1"/>
    <P Name="Position">[575, 375, 615, 415]</P>
    <P Name="ZOrder">27</P>
    <P Name="BackgroundColor">automatic</P>
    <P Name="LibraryVersion">24.21</P>
    <P Name="SourceBlock">sm_lib/Joints/Cylindrical
Joint</P>
    <P Name="SourceType">Cylindrical
Joint</P>
    <InstanceData>
      <P Name="LogSimulationData">off</P>
      <P Name="SimscapeInstrumentationLogging">off</P>
      <P Name="SimscapeInstrumentationVariables" Ref="bdmxdata:SimscapeInstrumentationVariables_83"/>
      <P Name="JointMode">Normal</P>
      <P Name="CompositeWrenchDir">FollowerOnBase</P>
      <P Name="CompositeWrenchFrame">BaseFrame</P>
      <P Name="SenseConstraintForce">off</P>
      <P Name="SenseConstraintTorque">off</P>
      <P Name="SenseTotalForce">off</P>
      <P Name="SenseTotalTorque">off</P>
      <P Name="RzPositionTargetSpecify">off</P>
      <P Name="RzPositionTargetPriority">High</P>
      <P Name="RzPositionTargetValue">0</P>
      <P Name="RzPositionTargetValue_conf">compiletime</P>
      <P Name="RzPositionTargetValueUnits">deg</P>
      <P Name="RzVelocityTargetSpecify">off</P>
      <P Name="RzVelocityTargetPriority">High</P>
      <P Name="RzVelocityTargetValue">0</P>
      <P Name="RzVelocityTargetValue_conf">compiletime</P>
      <P Name="RzVelocityTargetValueUnits">deg/s</P>
      <P Name="RzEquilibriumPosition">0</P>
      <P Name="RzEquilibriumPosition_conf">compiletime</P>
      <P Name="RzEquilibriumPositionUnits">deg</P>
      <P Name="RzSpringStiffness">0</P>
      <P Name="RzSpringStiffness_conf">compiletime</P>
      <P Name="RzSpringStiffnessUnits">N*m/deg</P>
      <P Name="RzDampingCoefficient">0</P>
      <P Name="RzDampingCoefficient_conf">compiletime</P>
      <P Name="RzDampingCoefficientUnits">N*m/(deg/s)</P>
      <P Name="RzLowerLimitSpecify">off</P>
      <P Name="RzLowerLimitBound">-90</P>
      <P Name="RzLowerLimitBound_conf">compiletime</P>
      <P Name="RzLowerLimitBoundUnits">deg</P>
      <P Name="RzLowerLimitStiffness">1e4</P>
      <P Name="RzLowerLimitStiffness_conf">compiletime</P>
      <P Name="RzLowerLimitStiffnessUnits">N*m/deg</P>
      <P Name="RzLowerLimitDamping">10</P>
      <P Name="RzLowerLimitDamping_conf">compiletime</P>
      <P Name="RzLowerLimitDampingUnits">N*m/(deg/s)</P>
      <P Name="RzLowerLimitTransitionRegionWidth">0.1</P>
      <P Name="RzLowerLimitTransitionRegionWidth_conf">compiletime</P>
      <P Name="RzLowerLimitTransitionRegionWidthUnits">deg</P>
      <P Name="RzUpperLimitSpecify">off</P>
      <P Name="RzUpperLimitBound">90</P>
      <P Name="RzUpperLimitBound_conf">compiletime</P>
      <P Name="RzUpperLimitBoundUnits">deg</P>
      <P Name="RzUpperLimitStiffness">1e4</P>
      <P Name="RzUpperLimitStiffness_conf">compiletime</P>
      <P Name="RzUpperLimitStiffnessUnits">N*m/deg</P>
      <P Name="RzUpperLimitDamping">10</P>
      <P Name="RzUpperLimitDamping_conf">compiletime</P>
      <P Name="RzUpperLimitDampingUnits">N*m/(deg/s)</P>
      <P Name="RzUpperLimitTransitionRegionWidth">0.1</P>
      <P Name="RzUpperLimitTransitionRegionWidth_conf">compiletime</P>
      <P Name="RzUpperLimitTransitionRegionWidthUnits">deg</P>
      <P Name="RzTorqueActuationMode">NoTorque</P>
      <P Name="RzMotionActuationMode">ComputedMotion</P>
      <P Name="RzSensePosition">off</P>
      <P Name="RzSenseVelocity">off</P>
      <P Name="RzSenseAcceleration">off</P>
      <P Name="RzSenseTorqueForce">off</P>
      <P Name="RzSenseLowerLimitTorqueForce">off</P>
      <P Name="RzSenseUpperLimitTorqueForce">off</P>
      <P Name="PzPositionTargetSpecify">off</P>
      <P Name="PzPositionTargetPriority">High</P>
      <P Name="PzPositionTargetValue">0</P>
      <P Name="PzPositionTargetValue_conf">compiletime</P>
      <P Name="PzPositionTargetValueUnits">m</P>
      <P Name="PzVelocityTargetSpecify">off</P>
      <P Name="PzVelocityTargetPriority">High</P>
      <P Name="PzVelocityTargetValue">0</P>
      <P Name="PzVelocityTargetValue_conf">compiletime</P>
      <P Name="PzVelocityTargetValueUnits">m/s</P>
      <P Name="PzEquilibriumPosition">0</P>
      <P Name="PzEquilibriumPosition_conf">compiletime</P>
      <P Name="PzEquilibriumPositionUnits">m</P>
      <P Name="PzSpringStiffness">0</P>
      <P Name="PzSpringStiffness_conf">compiletime</P>
      <P Name="PzSpringStiffnessUnits">N/m</P>
      <P Name="PzDampingCoefficient">0</P>
      <P Name="PzDampingCoefficient_conf">compiletime</P>
      <P Name="PzDampingCoefficientUnits">N/(m/s)</P>
      <P Name="PzLowerLimitSpecify">off</P>
      <P Name="PzLowerLimitBound">-1</P>
      <P Name="PzLowerLimitBound_conf">compiletime</P>
      <P Name="PzLowerLimitBoundUnits">m</P>
      <P Name="PzLowerLimitStiffness">1e6</P>
      <P Name="PzLowerLimitStiffness_conf">compiletime</P>
      <P Name="PzLowerLimitStiffnessUnits">N/m</P>
      <P Name="PzLowerLimitDamping">1e3</P>
      <P Name="PzLowerLimitDamping_conf">compiletime</P>
      <P Name="PzLowerLimitDampingUnits">N/(m/s)</P>
      <P Name="PzLowerLimitTransitionRegionWidth">1e-4</P>
      <P Name="PzLowerLimitTransitionRegionWidth_conf">compiletime</P>
      <P Name="PzLowerLimitTransitionRegionWidthUnits">m</P>
      <P Name="PzUpperLimitSpecify">off</P>
      <P Name="PzUpperLimitBound">1</P>
      <P Name="PzUpperLimitBound_conf">compiletime</P>
      <P Name="PzUpperLimitBoundUnits">m</P>
      <P Name="PzUpperLimitStiffness">1e6</P>
      <P Name="PzUpperLimitStiffness_conf">compiletime</P>
      <P Name="PzUpperLimitStiffnessUnits">N/m</P>
      <P Name="PzUpperLimitDamping">1e3</P>
      <P Name="PzUpperLimitDamping_conf">compiletime</P>
      <P Name="PzUpperLimitDampingUnits">N/(m/s)</P>
      <P Name="PzUpperLimitTransitionRegionWidth">1e-4</P>
      <P Name="PzUpperLimitTransitionRegionWidth_conf">compiletime</P>
      <P Name="PzUpperLimitTransitionRegionWidthUnits">m</P>
      <P Name="PzTorqueActuationMode">NoTorque</P>
      <P Name="PzMotionActuationMode">ComputedMotion</P>
      <P Name="PzSensePosition">off</P>
      <P Name="PzSenseVelocity">off</P>
      <P Name="PzSenseAcceleration">off</P>
      <P Name="PzSenseTorqueForce">off</P>
      <P Name="PzSenseLowerLimitTorqueForce">off</P>
      <P Name="PzSenseUpperLimitTorqueForce">off</P>
    </InstanceData>
  </Block>
  <Block BlockType="SubSystem" Name="EPAULE_CYLINDRE_GROUPE1_AllCATPart_stp_1_RIGID" SID="4">
    <PortCounts lconn="1" rconn="1"/>
    <P Name="Position">[440, 255, 480, 295]</P>
    <P Name="ZOrder">7</P>
    <P Name="ContentPreviewEnabled">on</P>
    <Mask>
      <Display/>
    </Mask>
    <System Ref="system_4"/>
  </Block>
  <Block BlockType="SubSystem" Name="EPAULE_CYLINDRE_GROUPE2_AllCATPart_1_RIGID" SID="5">
    <PortCounts lconn="1" rconn="1"/>
    <P Name="Position">[1085, -15, 1125, 25]</P>
    <P Name="ZOrder">8</P>
    <P Name="ContentPreviewEnabled">on</P>
    <Mask>
      <Display/>
    </Mask>
    <System Ref="system_5"/>
  </Block>
  <Block BlockType="SubSystem" Name="Externale_Black_stp_1_RIGID" SID="6">
    <PortCounts lconn="2"/>
    <P Name="Position">[1490, -65, 1530, -25]</P>
    <P Name="ZOrder">9</P>
    <P Name="ContentPreviewEnabled">on</P>
    <Mask>
      <Display/>
    </Mask>
    <System Ref="system_6"/>
  </Block>
  <Block BlockType="SubSystem" Name="Fix_shoulder_AllCATPart_1_RIGID" SID="7">
    <PortCounts lconn="2" rconn="2"/>
    <P Name="Position">[645, 130, 685, 170]</P>
    <P Name="ZOrder">10</P>
    <P Name="ContentPreviewEnabled">on</P>
    <Mask>
      <Display/>
    </Mask>
    <System Ref="system_7"/>
  </Block>
  <Block BlockType="SubSystem" Name="Groupe_Croission_AllCATPart_1_RIGID" SID="8">
    <PortCounts lconn="2" rconn="1"/>
    <P Name="Position">[1370, 205, 1410, 245]</P>
    <P Name="ZOrder">11</P>
    <P Name="ContentPreviewEnabled">on</P>
    <Mask>
      <Display/>
    </Mask>
    <System Ref="system_8"/>
  </Block>
  <Block BlockType="Reference" Name="MechanismConfiguration" SID="9">
    <PortCounts rconn="1"/>
    <P Name="Position">[385, 140, 425, 180]</P>
    <P Name="ZOrder">12</P>
    <P Name="BackgroundColor">automatic</P>
    <P Name="ShowName">off</P>
    <P Name="LibraryVersion">24.21</P>
    <P Name="SourceBlock">sm_lib/Utilities/Mechanism
Configuration</P>
    <P Name="SourceType">Mechanism
Configuration</P>
    <InstanceData>
      <P Name="LogSimulationData">off</P>
      <P Name="SimscapeInstrumentationLogging">off</P>
      <P Name="SimscapeInstrumentationVariables" Ref="bdmxdata:SimscapeInstrumentationVariables_9"/>
      <P Name="UniformGravity">Constant</P>
      <P Name="GravityVector">[0 -9.80665 0]</P>
      <P Name="GravityVector_conf">compiletime</P>
      <P Name="GravityVectorUnits">m/s^2</P>
      <P Name="LinearizationDelta">0.001</P>
      <P Name="JointModeTransitionNonlinearIterations">2</P>
    </InstanceData>
  </Block>
  <Block BlockType="Reference" Name="Revolute" SID="10">
    <PortCounts lconn="1" rconn="1"/>
    <P Name="Position">[905, 335, 945, 375]</P>
    <P Name="ZOrder">13</P>
    <P Name="BackgroundColor">automatic</P>
    <P Name="LibraryVersion">24.21</P>
    <P Name="SourceBlock">sm_lib/Joints/Revolute Joint</P>
    <P Name="SourceType">Revolute Joint</P>
    <InstanceData>
      <P Name="LogSimulationData">off</P>
      <P Name="SimscapeInstrumentationLogging">off</P>
      <P Name="SimscapeInstrumentationVariables" Ref="bdmxdata:SimscapeInstrumentationVariables_10"/>
      <P Name="JointMode">Normal</P>
      <P Name="CompositeWrenchDir">FollowerOnBase</P>
      <P Name="CompositeWrenchFrame">BaseFrame</P>
      <P Name="SenseConstraintForce">off</P>
      <P Name="SenseConstraintTorque">off</P>
      <P Name="SenseTotalForce">off</P>
      <P Name="SenseTotalTorque">off</P>
      <P Name="PositionTargetSpecify">on</P>
      <P Name="PositionTargetPriority">Low</P>
      <P Name="PositionTargetValue">smiData.RevoluteJoint(1).Rz.Pos</P>
      <P Name="PositionTargetValue_conf">compiletime</P>
      <P Name="PositionTargetValueUnits">deg</P>
      <P Name="VelocityTargetSpecify">off</P>
      <P Name="VelocityTargetPriority">High</P>
      <P Name="VelocityTargetValue">0</P>
      <P Name="VelocityTargetValue_conf">compiletime</P>
      <P Name="VelocityTargetValueUnits">deg/s</P>
      <P Name="EquilibriumPosition">0</P>
      <P Name="EquilibriumPosition_conf">compiletime</P>
      <P Name="EquilibriumPositionUnits">deg</P>
      <P Name="SpringStiffness">0</P>
      <P Name="SpringStiffness_conf">compiletime</P>
      <P Name="SpringStiffnessUnits">N*m/deg</P>
      <P Name="DampingCoefficient">0</P>
      <P Name="DampingCoefficient_conf">compiletime</P>
      <P Name="DampingCoefficientUnits">N*m/(deg/s)</P>
      <P Name="LowerLimitSpecify">off</P>
      <P Name="LowerLimitBound">-90</P>
      <P Name="LowerLimitBound_conf">compiletime</P>
      <P Name="LowerLimitBoundUnits">deg</P>
      <P Name="LowerLimitStiffness">1e4</P>
      <P Name="LowerLimitStiffness_conf">compiletime</P>
      <P Name="LowerLimitStiffnessUnits">N*m/deg</P>
      <P Name="LowerLimitDamping">10</P>
      <P Name="LowerLimitDamping_conf">compiletime</P>
      <P Name="LowerLimitDampingUnits">N*m/(deg/s)</P>
      <P Name="LowerLimitTransitionRegionWidth">0.1</P>
      <P Name="LowerLimitTransitionRegionWidth_conf">compiletime</P>
      <P Name="LowerLimitTransitionRegionWidthUnits">deg</P>
      <P Name="UpperLimitSpecify">off</P>
      <P Name="UpperLimitBound">90</P>
      <P Name="UpperLimitBound_conf">compiletime</P>
      <P Name="UpperLimitBoundUnits">deg</P>
      <P Name="UpperLimitStiffness">1e4</P>
      <P Name="UpperLimitStiffness_conf">compiletime</P>
      <P Name="UpperLimitStiffnessUnits">N*m/deg</P>
      <P Name="UpperLimitDamping">10</P>
      <P Name="UpperLimitDamping_conf">compiletime</P>
      <P Name="UpperLimitDampingUnits">N*m/(deg/s)</P>
      <P Name="UpperLimitTransitionRegionWidth">0.1</P>
      <P Name="UpperLimitTransitionRegionWidth_conf">compiletime</P>
      <P Name="UpperLimitTransitionRegionWidthUnits">deg</P>
      <P Name="TorqueActuationMode">NoTorque</P>
      <P Name="MotionActuationMode">ComputedMotion</P>
      <P Name="SensePosition">off</P>
      <P Name="SenseVelocity">off</P>
      <P Name="SenseAcceleration">off</P>
      <P Name="SenseTorqueForce">off</P>
      <P Name="SenseLowerLimitTorqueForce">off</P>
      <P Name="SenseUpperLimitTorqueForce">off</P>
    </InstanceData>
  </Block>
  <Block BlockType="Reference" Name="Revolute Joint" SID="82">
    <PortCounts lconn="1" rconn="1"/>
    <P Name="Position">[1160, 120, 1200, 160]</P>
    <P Name="ZOrder">26</P>
    <P Name="BackgroundColor">automatic</P>
    <P Name="LibraryVersion">24.21</P>
    <P Name="SourceBlock">sm_lib/Joints/Revolute Joint</P>
    <P Name="SourceType">Revolute Joint</P>
    <InstanceData>
      <P Name="LogSimulationData">off</P>
      <P Name="SimscapeInstrumentationLogging">off</P>
      <P Name="SimscapeInstrumentationVariables" Ref="bdmxdata:SimscapeInstrumentationVariables_82"/>
      <P Name="JointMode">Normal</P>
      <P Name="CompositeWrenchDir">FollowerOnBase</P>
      <P Name="CompositeWrenchFrame">BaseFrame</P>
      <P Name="SenseConstraintForce">off</P>
      <P Name="SenseConstraintTorque">off</P>
      <P Name="SenseTotalForce">off</P>
      <P Name="SenseTotalTorque">off</P>
      <P Name="PositionTargetSpecify">off</P>
      <P Name="PositionTargetPriority">High</P>
      <P Name="PositionTargetValue">0</P>
      <P Name="PositionTargetValue_conf">compiletime</P>
      <P Name="PositionTargetValueUnits">deg</P>
      <P Name="VelocityTargetSpecify">off</P>
      <P Name="VelocityTargetPriority">High</P>
      <P Name="VelocityTargetValue">0</P>
      <P Name="VelocityTargetValue_conf">compiletime</P>
      <P Name="VelocityTargetValueUnits">deg/s</P>
      <P Name="EquilibriumPosition">0</P>
      <P Name="EquilibriumPosition_conf">compiletime</P>
      <P Name="EquilibriumPositionUnits">deg</P>
      <P Name="SpringStiffness">0</P>
      <P Name="SpringStiffness_conf">compiletime</P>
      <P Name="SpringStiffnessUnits">N*m/deg</P>
      <P Name="DampingCoefficient">0</P>
      <P Name="DampingCoefficient_conf">compiletime</P>
      <P Name="DampingCoefficientUnits">N*m/(deg/s)</P>
      <P Name="LowerLimitSpecify">off</P>
      <P Name="LowerLimitBound">-90</P>
      <P Name="LowerLimitBound_conf">compiletime</P>
      <P Name="LowerLimitBoundUnits">deg</P>
      <P Name="LowerLimitStiffness">1e4</P>
      <P Name="LowerLimitStiffness_conf">compiletime</P>
      <P Name="LowerLimitStiffnessUnits">N*m/deg</P>
      <P Name="LowerLimitDamping">10</P>
      <P Name="LowerLimitDamping_conf">compiletime</P>
      <P Name="LowerLimitDampingUnits">N*m/(deg/s)</P>
      <P Name="LowerLimitTransitionRegionWidth">0.1</P>
      <P Name="LowerLimitTransitionRegionWidth_conf">compiletime</P>
      <P Name="LowerLimitTransitionRegionWidthUnits">deg</P>
      <P Name="UpperLimitSpecify">off</P>
      <P Name="UpperLimitBound">90</P>
      <P Name="UpperLimitBound_conf">compiletime</P>
      <P Name="UpperLimitBoundUnits">deg</P>
      <P Name="UpperLimitStiffness">1e4</P>
      <P Name="UpperLimitStiffness_conf">compiletime</P>
      <P Name="UpperLimitStiffnessUnits">N*m/deg</P>
      <P Name="UpperLimitDamping">10</P>
      <P Name="UpperLimitDamping_conf">compiletime</P>
      <P Name="UpperLimitDampingUnits">N*m/(deg/s)</P>
      <P Name="UpperLimitTransitionRegionWidth">0.1</P>
      <P Name="UpperLimitTransitionRegionWidth_conf">compiletime</P>
      <P Name="UpperLimitTransitionRegionWidthUnits">deg</P>
      <P Name="TorqueActuationMode">NoTorque</P>
      <P Name="MotionActuationMode">ComputedMotion</P>
      <P Name="SensePosition">off</P>
      <P Name="SenseVelocity">off</P>
      <P Name="SenseAcceleration">off</P>
      <P Name="SenseTorqueForce">off</P>
      <P Name="SenseLowerLimitTorqueForce">off</P>
      <P Name="SenseUpperLimitTorqueForce">off</P>
    </InstanceData>
  </Block>
  <Block BlockType="Reference" Name="Revolute1" SID="11">
    <PortCounts lconn="1" rconn="1"/>
    <P Name="Position">[270, 205, 310, 245]</P>
    <P Name="ZOrder">14</P>
    <P Name="BackgroundColor">automatic</P>
    <P Name="LibraryVersion">24.21</P>
    <P Name="SourceBlock">sm_lib/Joints/Revolute Joint</P>
    <P Name="SourceType">Revolute Joint</P>
    <InstanceData>
      <P Name="LogSimulationData">off</P>
      <P Name="SimscapeInstrumentationLogging">off</P>
      <P Name="SimscapeInstrumentationVariables" Ref="bdmxdata:SimscapeInstrumentationVariables_11"/>
      <P Name="JointMode">Normal</P>
      <P Name="CompositeWrenchDir">FollowerOnBase</P>
      <P Name="CompositeWrenchFrame">BaseFrame</P>
      <P Name="SenseConstraintForce">off</P>
      <P Name="SenseConstraintTorque">off</P>
      <P Name="SenseTotalForce">off</P>
      <P Name="SenseTotalTorque">off</P>
      <P Name="PositionTargetSpecify">on</P>
      <P Name="PositionTargetPriority">Low</P>
      <P Name="PositionTargetValue">smiData.RevoluteJoint(2).Rz.Pos</P>
      <P Name="PositionTargetValue_conf">compiletime</P>
      <P Name="PositionTargetValueUnits">deg</P>
      <P Name="VelocityTargetSpecify">off</P>
      <P Name="VelocityTargetPriority">High</P>
      <P Name="VelocityTargetValue">0</P>
      <P Name="VelocityTargetValue_conf">compiletime</P>
      <P Name="VelocityTargetValueUnits">deg/s</P>
      <P Name="EquilibriumPosition">0</P>
      <P Name="EquilibriumPosition_conf">compiletime</P>
      <P Name="EquilibriumPositionUnits">deg</P>
      <P Name="SpringStiffness">0</P>
      <P Name="SpringStiffness_conf">compiletime</P>
      <P Name="SpringStiffnessUnits">N*m/deg</P>
      <P Name="DampingCoefficient">0</P>
      <P Name="DampingCoefficient_conf">compiletime</P>
      <P Name="DampingCoefficientUnits">N*m/(deg/s)</P>
      <P Name="LowerLimitSpecify">off</P>
      <P Name="LowerLimitBound">-90</P>
      <P Name="LowerLimitBound_conf">compiletime</P>
      <P Name="LowerLimitBoundUnits">deg</P>
      <P Name="LowerLimitStiffness">1e4</P>
      <P Name="LowerLimitStiffness_conf">compiletime</P>
      <P Name="LowerLimitStiffnessUnits">N*m/deg</P>
      <P Name="LowerLimitDamping">10</P>
      <P Name="LowerLimitDamping_conf">compiletime</P>
      <P Name="LowerLimitDampingUnits">N*m/(deg/s)</P>
      <P Name="LowerLimitTransitionRegionWidth">0.1</P>
      <P Name="LowerLimitTransitionRegionWidth_conf">compiletime</P>
      <P Name="LowerLimitTransitionRegionWidthUnits">deg</P>
      <P Name="UpperLimitSpecify">off</P>
      <P Name="UpperLimitBound">90</P>
      <P Name="UpperLimitBound_conf">compiletime</P>
      <P Name="UpperLimitBoundUnits">deg</P>
      <P Name="UpperLimitStiffness">1e4</P>
      <P Name="UpperLimitStiffness_conf">compiletime</P>
      <P Name="UpperLimitStiffnessUnits">N*m/deg</P>
      <P Name="UpperLimitDamping">10</P>
      <P Name="UpperLimitDamping_conf">compiletime</P>
      <P Name="UpperLimitDampingUnits">N*m/(deg/s)</P>
      <P Name="UpperLimitTransitionRegionWidth">0.1</P>
      <P Name="UpperLimitTransitionRegionWidth_conf">compiletime</P>
      <P Name="UpperLimitTransitionRegionWidthUnits">deg</P>
      <P Name="TorqueActuationMode">NoTorque</P>
      <P Name="MotionActuationMode">ComputedMotion</P>
      <P Name="SensePosition">off</P>
      <P Name="SenseVelocity">off</P>
      <P Name="SenseAcceleration">off</P>
      <P Name="SenseTorqueForce">off</P>
      <P Name="SenseLowerLimitTorqueForce">off</P>
      <P Name="SenseUpperLimitTorqueForce">off</P>
    </InstanceData>
  </Block>
  <Block BlockType="Reference" Name="Revolute2" SID="12">
    <PortCounts lconn="1" rconn="1"/>
    <P Name="Position">[135, 80, 175, 120]</P>
    <P Name="ZOrder">15</P>
    <P Name="BackgroundColor">automatic</P>
    <P Name="LibraryVersion">24.21</P>
    <P Name="SourceBlock">sm_lib/Joints/Revolute Joint</P>
    <P Name="SourceType">Revolute Joint</P>
    <InstanceData>
      <P Name="LogSimulationData">off</P>
      <P Name="SimscapeInstrumentationLogging">off</P>
      <P Name="SimscapeInstrumentationVariables" Ref="bdmxdata:SimscapeInstrumentationVariables_12"/>
      <P Name="JointMode">Normal</P>
      <P Name="CompositeWrenchDir">FollowerOnBase</P>
      <P Name="CompositeWrenchFrame">BaseFrame</P>
      <P Name="SenseConstraintForce">off</P>
      <P Name="SenseConstraintTorque">off</P>
      <P Name="SenseTotalForce">off</P>
      <P Name="SenseTotalTorque">off</P>
      <P Name="PositionTargetSpecify">off</P>
      <P Name="PositionTargetPriority">High</P>
      <P Name="PositionTargetValue">0</P>
      <P Name="PositionTargetValue_conf">compiletime</P>
      <P Name="PositionTargetValueUnits">deg</P>
      <P Name="VelocityTargetSpecify">off</P>
      <P Name="VelocityTargetPriority">High</P>
      <P Name="VelocityTargetValue">0</P>
      <P Name="VelocityTargetValue_conf">compiletime</P>
      <P Name="VelocityTargetValueUnits">deg/s</P>
      <P Name="EquilibriumPosition">0</P>
      <P Name="EquilibriumPosition_conf">compiletime</P>
      <P Name="EquilibriumPositionUnits">deg</P>
      <P Name="SpringStiffness">0</P>
      <P Name="SpringStiffness_conf">compiletime</P>
      <P Name="SpringStiffnessUnits">N*m/deg</P>
      <P Name="DampingCoefficient">0</P>
      <P Name="DampingCoefficient_conf">compiletime</P>
      <P Name="DampingCoefficientUnits">N*m/(deg/s)</P>
      <P Name="LowerLimitSpecify">off</P>
      <P Name="LowerLimitBound">0</P>
      <P Name="LowerLimitBound_conf">compiletime</P>
      <P Name="LowerLimitBoundUnits">deg</P>
      <P Name="LowerLimitStiffness">1e4</P>
      <P Name="LowerLimitStiffness_conf">compiletime</P>
      <P Name="LowerLimitStiffnessUnits">N*m/deg</P>
      <P Name="LowerLimitDamping">10</P>
      <P Name="LowerLimitDamping_conf">compiletime</P>
      <P Name="LowerLimitDampingUnits">N*m/(deg/s)</P>
      <P Name="LowerLimitTransitionRegionWidth">0.1</P>
      <P Name="LowerLimitTransitionRegionWidth_conf">compiletime</P>
      <P Name="LowerLimitTransitionRegionWidthUnits">deg</P>
      <P Name="UpperLimitSpecify">off</P>
      <P Name="UpperLimitBound">30</P>
      <P Name="UpperLimitBound_conf">compiletime</P>
      <P Name="UpperLimitBoundUnits">deg</P>
      <P Name="UpperLimitStiffness">1e4</P>
      <P Name="UpperLimitStiffness_conf">compiletime</P>
      <P Name="UpperLimitStiffnessUnits">N*m/deg</P>
      <P Name="UpperLimitDamping">10</P>
      <P Name="UpperLimitDamping_conf">compiletime</P>
      <P Name="UpperLimitDampingUnits">N*m/(deg/s)</P>
      <P Name="UpperLimitTransitionRegionWidth">0.1</P>
      <P Name="UpperLimitTransitionRegionWidth_conf">compiletime</P>
      <P Name="UpperLimitTransitionRegionWidthUnits">deg</P>
      <P Name="TorqueActuationMode">NoTorque</P>
      <P Name="MotionActuationMode">ComputedMotion</P>
      <P Name="SensePosition">off</P>
      <P Name="SenseVelocity">off</P>
      <P Name="SenseAcceleration">off</P>
      <P Name="SenseTorqueForce">off</P>
      <P Name="SenseLowerLimitTorqueForce">off</P>
      <P Name="SenseUpperLimitTorqueForce">off</P>
    </InstanceData>
  </Block>
  <Block BlockType="Reference" Name="Revolute3" SID="13">
    <PortCounts lconn="1" rconn="1"/>
    <P Name="Position">[1510, 130, 1550, 170]</P>
    <P Name="ZOrder">16</P>
    <P Name="BackgroundColor">automatic</P>
    <P Name="LibraryVersion">24.21</P>
    <P Name="SourceBlock">sm_lib/Joints/Revolute Joint</P>
    <P Name="SourceType">Revolute Joint</P>
    <InstanceData>
      <P Name="LogSimulationData">off</P>
      <P Name="SimscapeInstrumentationLogging">off</P>
      <P Name="SimscapeInstrumentationVariables" Ref="bdmxdata:SimscapeInstrumentationVariables_13"/>
      <P Name="JointMode">Normal</P>
      <P Name="CompositeWrenchDir">FollowerOnBase</P>
      <P Name="CompositeWrenchFrame">BaseFrame</P>
      <P Name="SenseConstraintForce">off</P>
      <P Name="SenseConstraintTorque">off</P>
      <P Name="SenseTotalForce">off</P>
      <P Name="SenseTotalTorque">off</P>
      <P Name="PositionTargetSpecify">on</P>
      <P Name="PositionTargetPriority">Low</P>
      <P Name="PositionTargetValue">smiData.RevoluteJoint(4).Rz.Pos</P>
      <P Name="PositionTargetValue_conf">compiletime</P>
      <P Name="PositionTargetValueUnits">deg</P>
      <P Name="VelocityTargetSpecify">off</P>
      <P Name="VelocityTargetPriority">High</P>
      <P Name="VelocityTargetValue">0</P>
      <P Name="VelocityTargetValue_conf">compiletime</P>
      <P Name="VelocityTargetValueUnits">deg/s</P>
      <P Name="EquilibriumPosition">0</P>
      <P Name="EquilibriumPosition_conf">compiletime</P>
      <P Name="EquilibriumPositionUnits">deg</P>
      <P Name="SpringStiffness">0</P>
      <P Name="SpringStiffness_conf">compiletime</P>
      <P Name="SpringStiffnessUnits">N*m/deg</P>
      <P Name="DampingCoefficient">0</P>
      <P Name="DampingCoefficient_conf">compiletime</P>
      <P Name="DampingCoefficientUnits">N*m/(deg/s)</P>
      <P Name="LowerLimitSpecify">off</P>
      <P Name="LowerLimitBound">-90</P>
      <P Name="LowerLimitBound_conf">compiletime</P>
      <P Name="LowerLimitBoundUnits">deg</P>
      <P Name="LowerLimitStiffness">1e4</P>
      <P Name="LowerLimitStiffness_conf">compiletime</P>
      <P Name="LowerLimitStiffnessUnits">N*m/deg</P>
      <P Name="LowerLimitDamping">10</P>
      <P Name="LowerLimitDamping_conf">compiletime</P>
      <P Name="LowerLimitDampingUnits">N*m/(deg/s)</P>
      <P Name="LowerLimitTransitionRegionWidth">0.1</P>
      <P Name="LowerLimitTransitionRegionWidth_conf">compiletime</P>
      <P Name="LowerLimitTransitionRegionWidthUnits">deg</P>
      <P Name="UpperLimitSpecify">off</P>
      <P Name="UpperLimitBound">90</P>
      <P Name="UpperLimitBound_conf">compiletime</P>
      <P Name="UpperLimitBoundUnits">deg</P>
      <P Name="UpperLimitStiffness">1e4</P>
      <P Name="UpperLimitStiffness_conf">compiletime</P>
      <P Name="UpperLimitStiffnessUnits">N*m/deg</P>
      <P Name="UpperLimitDamping">10</P>
      <P Name="UpperLimitDamping_conf">compiletime</P>
      <P Name="UpperLimitDampingUnits">N*m/(deg/s)</P>
      <P Name="UpperLimitTransitionRegionWidth">0.1</P>
      <P Name="UpperLimitTransitionRegionWidth_conf">compiletime</P>
      <P Name="UpperLimitTransitionRegionWidthUnits">deg</P>
      <P Name="TorqueActuationMode">NoTorque</P>
      <P Name="MotionActuationMode">ComputedMotion</P>
      <P Name="SensePosition">off</P>
      <P Name="SenseVelocity">off</P>
      <P Name="SenseAcceleration">off</P>
      <P Name="SenseTorqueForce">off</P>
      <P Name="SenseLowerLimitTorqueForce">off</P>
      <P Name="SenseUpperLimitTorqueForce">off</P>
    </InstanceData>
  </Block>
  <Block BlockType="Reference" Name="Revolute5" SID="15">
    <PortCounts lconn="1" rconn="1"/>
    <P Name="Position">[715, -15, 755, 25]</P>
    <P Name="ZOrder">18</P>
    <P Name="BackgroundColor">automatic</P>
    <P Name="LibraryVersion">24.21</P>
    <P Name="SourceBlock">sm_lib/Joints/Revolute Joint</P>
    <P Name="SourceType">Revolute Joint</P>
    <InstanceData>
      <P Name="LogSimulationData">off</P>
      <P Name="SimscapeInstrumentationLogging">off</P>
      <P Name="SimscapeInstrumentationVariables" Ref="bdmxdata:SimscapeInstrumentationVariables_15"/>
      <P Name="JointMode">Normal</P>
      <P Name="CompositeWrenchDir">FollowerOnBase</P>
      <P Name="CompositeWrenchFrame">BaseFrame</P>
      <P Name="SenseConstraintForce">off</P>
      <P Name="SenseConstraintTorque">off</P>
      <P Name="SenseTotalForce">off</P>
      <P Name="SenseTotalTorque">off</P>
      <P Name="PositionTargetSpecify">on</P>
      <P Name="PositionTargetPriority">Low</P>
      <P Name="PositionTargetValue">smiData.RevoluteJoint(6).Rz.Pos</P>
      <P Name="PositionTargetValue_conf">compiletime</P>
      <P Name="PositionTargetValueUnits">deg</P>
      <P Name="VelocityTargetSpecify">off</P>
      <P Name="VelocityTargetPriority">High</P>
      <P Name="VelocityTargetValue">0</P>
      <P Name="VelocityTargetValue_conf">compiletime</P>
      <P Name="VelocityTargetValueUnits">deg/s</P>
      <P Name="EquilibriumPosition">0</P>
      <P Name="EquilibriumPosition_conf">compiletime</P>
      <P Name="EquilibriumPositionUnits">deg</P>
      <P Name="SpringStiffness">0</P>
      <P Name="SpringStiffness_conf">compiletime</P>
      <P Name="SpringStiffnessUnits">N*m/deg</P>
      <P Name="DampingCoefficient">0</P>
      <P Name="DampingCoefficient_conf">compiletime</P>
      <P Name="DampingCoefficientUnits">N*m/(deg/s)</P>
      <P Name="LowerLimitSpecify">off</P>
      <P Name="LowerLimitBound">-90</P>
      <P Name="LowerLimitBound_conf">compiletime</P>
      <P Name="LowerLimitBoundUnits">deg</P>
      <P Name="LowerLimitStiffness">1e4</P>
      <P Name="LowerLimitStiffness_conf">compiletime</P>
      <P Name="LowerLimitStiffnessUnits">N*m/deg</P>
      <P Name="LowerLimitDamping">10</P>
      <P Name="LowerLimitDamping_conf">compiletime</P>
      <P Name="LowerLimitDampingUnits">N*m/(deg/s)</P>
      <P Name="LowerLimitTransitionRegionWidth">0.1</P>
      <P Name="LowerLimitTransitionRegionWidth_conf">compiletime</P>
      <P Name="LowerLimitTransitionRegionWidthUnits">deg</P>
      <P Name="UpperLimitSpecify">off</P>
      <P Name="UpperLimitBound">90</P>
      <P Name="UpperLimitBound_conf">compiletime</P>
      <P Name="UpperLimitBoundUnits">deg</P>
      <P Name="UpperLimitStiffness">1e4</P>
      <P Name="UpperLimitStiffness_conf">compiletime</P>
      <P Name="UpperLimitStiffnessUnits">N*m/deg</P>
      <P Name="UpperLimitDamping">10</P>
      <P Name="UpperLimitDamping_conf">compiletime</P>
      <P Name="UpperLimitDampingUnits">N*m/(deg/s)</P>
      <P Name="UpperLimitTransitionRegionWidth">0.1</P>
      <P Name="UpperLimitTransitionRegionWidth_conf">compiletime</P>
      <P Name="UpperLimitTransitionRegionWidthUnits">deg</P>
      <P Name="TorqueActuationMode">NoTorque</P>
      <P Name="MotionActuationMode">ComputedMotion</P>
      <P Name="SensePosition">off</P>
      <P Name="SenseVelocity">off</P>
      <P Name="SenseAcceleration">off</P>
      <P Name="SenseTorqueForce">off</P>
      <P Name="SenseLowerLimitTorqueForce">off</P>
      <P Name="SenseUpperLimitTorqueForce">off</P>
    </InstanceData>
  </Block>
  <Block BlockType="Reference" Name="Solver&#xA;Configuration" SID="80">
    <PortCounts rconn="1"/>
    <P Name="Position">[385, 215, 425, 255]</P>
    <P Name="ZOrder">24</P>
    <P Name="ShowName">off</P>
    <P Name="LibraryVersion">7.0</P>
    <P Name="SourceBlock">nesl_utility/Solver
Configuration</P>
    <P Name="SourceType">Solver
Configuration</P>
    <InstanceData>
      <P Name="RTWMemSecFuncInitTerm">Inherit from model</P>
      <P Name="RTWMemSecFuncExecute">Inherit from model</P>
      <P Name="RTWMemSecDataConstants">Inherit from model</P>
      <P Name="RTWMemSecDataInternal">Inherit from model</P>
      <P Name="RTWMemSecDataParameters">Inherit from model</P>
      <P Name="ContentPreviewEnabled">on</P>
      <P Name="PhysicalDomain">network_engine_domain</P>
      <P Name="SubClassName">solver</P>
      <P Name="LeftPortType">input</P>
      <P Name="RightPortType">generic</P>
      <P Name="Tones">[]</P>
      <P Name="Harmonics">[]</P>
      <P Name="SimulateNoise">off</P>
      <P Name="Profile">off</P>
      <P Name="UseLocalSampling">off</P>
      <P Name="EnableSwitchedLinearOptims">on</P>
      <P Name="FrequencyDomain">off</P>
      <P Name="UseCCode">off</P>
      <P Name="RelTol">0.001</P>
      <P Name="AbsTol">0.001</P>
      <P Name="MinStep">1e-09</P>
      <P Name="ToWorkspace">off</P>
      <P Name="RevertToSquareIcSolve">off</P>
      <P Name="NumHomotopyIterations">100</P>
      <P Name="PhasorMode">off</P>
      <P Name="PhasorModeNumHarmonics">1</P>
      <P Name="ConsistencySolver">NEWTON_XTOL_AFTER_FTOL</P>
      <P Name="IndexReductionMethod">DerivativeReplacement</P>
      <P Name="DoDC">off</P>
      <P Name="ResidualTolerance">1e-09</P>
      <P Name="ConsistencyTolSource">GLOBAL</P>
      <P Name="ConsistencyAbsTol">0.001</P>
      <P Name="ConsistencyRelTol">0.001</P>
      <P Name="ConsistencyTolFactor">0.001</P>
      <P Name="UseLocalSolver">off</P>
      <P Name="LocalSolverChoice">NE_BACKWARD_EULER_ADVANCER</P>
      <P Name="ResolveIndetEquations">on</P>
      <P Name="FunctionEvalNumThread">1</P>
      <P Name="LocalSolverSampleTime">0.001</P>
      <P Name="DoFixedCost">off</P>
      <P Name="MaxNonlinIter">3</P>
      <P Name="MaxModeIter">2</P>
      <P Name="ComputeImpulses">off</P>
      <P Name="ImpulseIterations">2</P>
      <P Name="LinearAlgebra">auto</P>
      <P Name="LinearAlgebraNumThread">0</P>
      <P Name="EquationFormulation">NE_TIME_EF</P>
      <P Name="DelaysMemoryBudget">1024</P>
      <P Name="AutomaticFiltering">on</P>
      <P Name="FilteringTimeConstant">0.001</P>
      <P Name="PartitionStorageMethod">AS_NEEDED</P>
      <P Name="PartitionMemoryBudget">1024</P>
      <P Name="PartitionMethod">ROBUST</P>
      <P Name="MultibodyUseLocalSolver">off</P>
      <P Name="MultibodyLocalSolverChoice">ODE1</P>
      <P Name="MultibodyLocalSolverSampleTime">0.001</P>
    </InstanceData>
  </Block>
  <Block BlockType="Reference" Name="Spherical&#xA;Joint" SID="84">
    <PortCounts lconn="1" rconn="1"/>
    <P Name="Position">[550, 180, 590, 220]</P>
    <P Name="ZOrder">28</P>
    <P Name="BackgroundColor">automatic</P>
    <P Name="LibraryVersion">24.21</P>
    <P Name="SourceBlock">sm_lib/Joints/Spherical
Joint</P>
    <P Name="SourceType">Spherical
Joint</P>
    <InstanceData>
      <P Name="LogSimulationData">off</P>
      <P Name="SimscapeInstrumentationLogging">off</P>
      <P Name="SimscapeInstrumentationVariables" Ref="bdmxdata:SimscapeInstrumentationVariables_84"/>
      <P Name="JointMode">Normal</P>
      <P Name="CompositeWrenchDir">FollowerOnBase</P>
      <P Name="CompositeWrenchFrame">BaseFrame</P>
      <P Name="SenseConstraintForce">off</P>
      <P Name="SenseConstraintTorque">off</P>
      <P Name="SenseTotalForce">off</P>
      <P Name="SenseTotalTorque">off</P>
      <P Name="PositionTargetSpecify">off</P>
      <P Name="PositionTargetPriority">High</P>
      <P Name="PositionTargetRotationMethod">None</P>
      <P Name="PositionTargetFollAlignAxisA">+X</P>
      <P Name="PositionTargetBaseAlignAxisA">+Y</P>
      <P Name="PositionTargetFollAlignAxisB">+Y</P>
      <P Name="PositionTargetBaseAlignAxisB">+Z</P>
      <P Name="PositionTargetRotationStandardAxis">+Z</P>
      <P Name="PositionTargetRotationAngle">0</P>
      <P Name="PositionTargetRotationAngle_conf">compiletime</P>
      <P Name="PositionTargetRotationAngleUnits">deg</P>
      <P Name="PositionTargetRotationArbitraryAxis">[0 0 1]</P>
      <P Name="PositionTargetRotationArbitraryAxis_conf">compiletime</P>
      <P Name="PositionTargetRotationSequenceAxes">FollowerAxes</P>
      <P Name="PositionTargetRotationSequence">XYX</P>
      <P Name="PositionTargetRotationSequenceAngles">[0 0 0]</P>
      <P Name="PositionTargetRotationSequenceAngles_conf">compiletime</P>
      <P Name="PositionTargetRotationSequenceAnglesUnits">deg</P>
      <P Name="PositionTargetRotationMatrix">[1 0 0;0 1 0;0 0 1]</P>
      <P Name="PositionTargetRotationMatrix_conf">compiletime</P>
      <P Name="PositionTargetQuaternion">[1 0 0 0]</P>
      <P Name="PositionTargetQuaternion_conf">compiletime</P>
      <P Name="VelocityTargetSpecify">off</P>
      <P Name="VelocityTargetPriority">High</P>
      <P Name="VelocityTargetValue">[0 0 0]</P>
      <P Name="VelocityTargetValue_conf">compiletime</P>
      <P Name="VelocityTargetValueUnits">deg/s</P>
      <P Name="VelocityTargetInFollowerFrame">on</P>
      <P Name="EqPosRotationMethod">None</P>
      <P Name="EqPosFollAlignAxisA">+X</P>
      <P Name="EqPosBaseAlignAxisA">+Y</P>
      <P Name="EqPosFollAlignAxisB">+Y</P>
      <P Name="EqPosBaseAlignAxisB">+Z</P>
      <P Name="EqPosRotationStandardAxis">+Z</P>
      <P Name="EqPosRotationAngle">0</P>
      <P Name="EqPosRotationAngle_conf">compiletime</P>
      <P Name="EqPosRotationAngleUnits">deg</P>
      <P Name="EqPosRotationArbitraryAxis">[0 0 1]</P>
      <P Name="EqPosRotationArbitraryAxis_conf">compiletime</P>
      <P Name="EqPosRotationSequenceAxes">FollowerAxes</P>
      <P Name="EqPosRotationSequence">XYX</P>
      <P Name="EqPosRotationSequenceAngles">[0 0 0]</P>
      <P Name="EqPosRotationSequenceAngles_conf">compiletime</P>
      <P Name="EqPosRotationSequenceAnglesUnits">deg</P>
      <P Name="EqPosRotationMatrix">[1 0 0;0 1 0;0 0 1]</P>
      <P Name="EqPosRotationMatrix_conf">compiletime</P>
      <P Name="EqPosQuaternion">[1 0 0 0]</P>
      <P Name="EqPosQuaternion_conf">compiletime</P>
      <P Name="SpringStiffness">0</P>
      <P Name="SpringStiffness_conf">compiletime</P>
      <P Name="SpringStiffnessUnits">N*m/deg</P>
      <P Name="DampingCoefficient">0</P>
      <P Name="DampingCoefficient_conf">compiletime</P>
      <P Name="DampingCoefficientUnits">N*m/(deg/s)</P>
      <P Name="LowerLimitSpecify">off</P>
      <P Name="LowerLimitBound">15</P>
      <P Name="LowerLimitBound_conf">compiletime</P>
      <P Name="LowerLimitBoundUnits">deg</P>
      <P Name="LowerLimitStiffness">1e4</P>
      <P Name="LowerLimitStiffness_conf">compiletime</P>
      <P Name="LowerLimitStiffnessUnits">N*m/deg</P>
      <P Name="LowerLimitDamping">10</P>
      <P Name="LowerLimitDamping_conf">compiletime</P>
      <P Name="LowerLimitDampingUnits">N*m/(deg/s)</P>
      <P Name="LowerLimitTransitionRegionWidth">0.1</P>
      <P Name="LowerLimitTransitionRegionWidth_conf">compiletime</P>
      <P Name="LowerLimitTransitionRegionWidthUnits">deg</P>
      <P Name="UpperLimitSpecify">off</P>
      <P Name="UpperLimitBound">45</P>
      <P Name="UpperLimitBound_conf">compiletime</P>
      <P Name="UpperLimitBoundUnits">deg</P>
      <P Name="UpperLimitStiffness">1e4</P>
      <P Name="UpperLimitStiffness_conf">compiletime</P>
      <P Name="UpperLimitStiffnessUnits">N*m/deg</P>
      <P Name="UpperLimitDamping">10</P>
      <P Name="UpperLimitDamping_conf">compiletime</P>
      <P Name="UpperLimitDampingUnits">N*m/(deg/s)</P>
      <P Name="UpperLimitTransitionRegionWidth">0.1</P>
      <P Name="UpperLimitTransitionRegionWidth_conf">compiletime</P>
      <P Name="UpperLimitTransitionRegionWidthUnits">deg</P>
      <P Name="TorqueActuationMode">NoTorque</P>
      <P Name="ActuateTorqueX">off</P>
      <P Name="ActuateTorqueY">off</P>
      <P Name="ActuateTorqueZ">off</P>
      <P Name="ActuateTorque">off</P>
      <P Name="ActuationFrame">BaseFrame</P>
      <P Name="SensePosition">off</P>
      <P Name="SenseVelocityX">off</P>
      <P Name="SenseVelocityY">off</P>
      <P Name="SenseVelocityZ">off</P>
      <P Name="SenseVelocity">off</P>
      <P Name="SenseAccelerationX">off</P>
      <P Name="SenseAccelerationY">off</P>
      <P Name="SenseAccelerationZ">off</P>
      <P Name="SenseAcceleration">off</P>
      <P Name="SenseLowerLimitTorqueMag">off</P>
      <P Name="SenseUpperLimitTorqueMag">off</P>
      <P Name="SensingFrame">BaseFrame</P>
    </InstanceData>
  </Block>
  <Block BlockType="Reference" Name="Transform" SID="17">
    <PortCounts lconn="1" rconn="1"/>
    <P Name="Position">[520, 110, 560, 150]</P>
    <P Name="ZOrder">20</P>
    <P Name="BackgroundColor">automatic</P>
    <P Name="LibraryVersion">24.21</P>
    <P Name="SourceBlock">sm_lib/Frames and
Transforms/Rigid
Transform</P>
    <P Name="SourceType">Rigid
Transform</P>
    <InstanceData>
      <P Name="LogSimulationData">off</P>
      <P Name="SimscapeInstrumentationLogging">off</P>
      <P Name="SimscapeInstrumentationVariables" Ref="bdmxdata:SimscapeInstrumentationVariables_17"/>
      <P Name="RotationMethod">ArbitraryAxis</P>
      <P Name="FollAlignAxisA">+X</P>
      <P Name="BaseAlignAxisA">+Y</P>
      <P Name="FollAlignAxisB">+Y</P>
      <P Name="BaseAlignAxisB">+Z</P>
      <P Name="RotationStandardAxis">+Z</P>
      <P Name="RotationAngle">smiData.RigidTransform(21).angle</P>
      <P Name="RotationAngle_conf">compiletime</P>
      <P Name="RotationAngleUnits">rad</P>
      <P Name="RotationArbitraryAxis">smiData.RigidTransform(21).axis</P>
      <P Name="RotationArbitraryAxis_conf">compiletime</P>
      <P Name="RotationSequenceAxes">FollowerAxes</P>
      <P Name="RotationSequence">XYX</P>
      <P Name="RotationSequenceAngles">[0 0 0]</P>
      <P Name="RotationSequenceAngles_conf">compiletime</P>
      <P Name="RotationSequenceAnglesUnits">deg</P>
      <P Name="RotationMatrix">[1 0 0;0 1 0;0 0 1]</P>
      <P Name="RotationMatrix_conf">compiletime</P>
      <P Name="Quaternion">[1 0 0 0]</P>
      <P Name="Quaternion_conf">compiletime</P>
      <P Name="TranslationMethod">Cartesian</P>
      <P Name="TranslationCartesianOffset">smiData.RigidTransform(21).translation</P>
      <P Name="TranslationCartesianOffset_conf">compiletime</P>
      <P Name="TranslationCartesianOffsetUnits">mm</P>
      <P Name="TranslationStandardAxis">+Z</P>
      <P Name="TranslationStandardOffset">0</P>
      <P Name="TranslationStandardOffset_conf">compiletime</P>
      <P Name="TranslationStandardOffsetUnits">m</P>
      <P Name="TranslationROffset">0</P>
      <P Name="TranslationROffset_conf">compiletime</P>
      <P Name="TranslationROffsetUnits">m</P>
      <P Name="TranslationThetaOffset">0</P>
      <P Name="TranslationThetaOffset_conf">compiletime</P>
      <P Name="TranslationThetaOffsetUnits">deg</P>
      <P Name="TranslationZOffset">0</P>
      <P Name="TranslationZOffset_conf">compiletime</P>
      <P Name="TranslationZOffsetUnits">m</P>
    </InstanceData>
  </Block>
  <Block BlockType="SubSystem" Name="VERIN_EPAULE_TIGE_GROUPE2_3_AllCATPart_1_RIGID" SID="18">
    <PortCounts lconn="1" rconn="1"/>
    <P Name="Position">[840, 15, 880, 55]</P>
    <P Name="ZOrder">21</P>
    <P Name="ContentPreviewEnabled">on</P>
    <Mask>
      <Display/>
    </Mask>
    <System Ref="system_18"/>
  </Block>
  <Block BlockType="SubSystem" Name="VERIN_TIGE_EPAULE1_2_1_RIGID" SID="19">
    <PortCounts lconn="2"/>
    <P Name="Position">[645, 230, 685, 270]</P>
    <P Name="ZOrder">22</P>
    <P Name="ContentPreviewEnabled">on</P>
    <Mask>
      <Display/>
    </Mask>
    <System Ref="system_19"/>
  </Block>
  <Block BlockType="Reference" Name="World" SID="20">
    <PortCounts rconn="1"/>
    <P Name="Position">[370, 65, 410, 105]</P>
    <P Name="ZOrder">23</P>
    <P Name="BackgroundColor">automatic</P>
    <P Name="LibraryVersion">24.21</P>
    <P Name="SourceBlock">sm_lib/Frames and
Transforms/World Frame</P>
    <P Name="SourceType">World Frame</P>
    <InstanceData>
      <P Name="LogSimulationData">off</P>
      <P Name="SimscapeInstrumentationLogging">off</P>
      <P Name="SimscapeInstrumentationVariables" Ref="bdmxdata:SimscapeInstrumentationVariables_20"/>
    </InstanceData>
  </Block>
  <Line LineType="Connection">
    <P Name="ZOrder">1</P>
    <P Name="Points">[505, 130; 0, 0]</P>
    <P Name="Dst">17#lconn:1</P>
    <Branch ConnectType="SRC_DEST">
      <P Name="Points">[495, 175; 10, 0; 0, -45]</P>
      <Branch ConnectType="SRC_DEST">
        <P Name="Src">9#rconn:1</P>
        <P Name="Points">[55, 0; 0, 15]</P>
      </Branch>
      <Branch ConnectType="SRC_SRC">
        <P Name="Points">[0, 60]</P>
        <P Name="Dst">80#rconn:1</P>
      </Branch>
    </Branch>
    <Branch ConnectType="SRC_SRC">
      <P Name="Points">[-10, 0; 0, -45]</P>
      <P Name="Dst">20#rconn:1</P>
    </Branch>
  </Line>
  <Line LineType="Connection">
    <P Name="ZOrder">28</P>
    <P Name="Src">5#rconn:1</P>
    <P Name="Points">[110, 0; 0, 52; -114, 0; 0, 83]</P>
    <P Name="Dst">82#lconn:1</P>
  </Line>
  <Line LineType="Connection">
    <P Name="ZOrder">5</P>
    <P Name="Src">6#lconn:1</P>
    <P Name="Points">[-54, 0; 0, 77; 153, 0; 0, 128]</P>
    <P Name="Dst">13#rconn:1</P>
  </Line>
  <Line LineType="Connection">
    <P Name="ZOrder">6</P>
    <P Name="Src">1#lconn:1</P>
    <P Name="Points">[-9, 0; 0, -246; 1434, 0]</P>
    <P Name="Dst">6#lconn:2</P>
  </Line>
  <Line LineType="Connection">
    <P Name="ZOrder">9</P>
    <P Name="Src">7#rconn:1</P>
    <P Name="Dst">15#lconn:1</P>
  </Line>
  <Line LineType="Connection">
    <P Name="ZOrder">10</P>
    <P Name="Src">15#rconn:1</P>
    <P Name="Points">[28, 0; 0, 30]</P>
    <P Name="Dst">18#lconn:1</P>
  </Line>
  <Line LineType="Connection">
    <P Name="ZOrder">30</P>
    <P Name="Src">4#rconn:1</P>
    <P Name="Points">[9, 0; 0, 54; -198, 0; 0, 66]</P>
    <P Name="Dst">83#lconn:1</P>
  </Line>
  <Line LineType="Connection">
    <P Name="ZOrder">31</P>
    <P Name="Src">19#lconn:2</P>
    <P Name="Points">[-68, 0; 0, 33; 68, 0]</P>
    <P Name="Dst">83#rconn:1</P>
  </Line>
  <Line LineType="Connection">
    <P Name="FontName">Helvetica</P>
    <P Name="FontSize">9</P>
    <P Name="FontWeight">normal</P>
    <P Name="FontAngle">normal</P>
    <P Name="ZOrder">14</P>
    <P Name="Src">7#lconn:1</P>
    <P Name="Points">[-15, 0; 0, -10]</P>
    <P Name="Dst">17#rconn:1</P>
  </Line>
  <Line LineType="Connection">
    <P Name="ZOrder">29</P>
    <P Name="Src">8#lconn:1</P>
    <P Name="Points">[-131, 0; 0, -75]</P>
    <P Name="Dst">82#rconn:1</P>
  </Line>
  <Line LineType="Connection">
    <P Name="ZOrder">16</P>
    <P Name="Src">7#rconn:2</P>
    <P Name="Points">[125, 0; 0, 195]</P>
    <P Name="Dst">10#lconn:1</P>
  </Line>
  <Line LineType="Connection">
    <P Name="ZOrder">17</P>
    <P Name="Src">8#lconn:2</P>
    <P Name="Points">[-231, 0; 0, 120]</P>
    <P Name="Dst">10#rconn:1</P>
  </Line>
  <Line LineType="Connection">
    <P Name="ZOrder">18</P>
    <P Name="Src">2#rconn:1</P>
    <P Name="Points">[66, 0; 0, 57; -110, 0; 0, 43]</P>
    <P Name="Dst">11#lconn:1</P>
  </Line>
  <Line LineType="Connection">
    <P Name="ZOrder">19</P>
    <P Name="Src">4#lconn:1</P>
    <P Name="Points">[-70, 0; 0, -50]</P>
    <P Name="Dst">11#rconn:1</P>
  </Line>
  <Line LineType="Connection">
    <P Name="ZOrder">20</P>
    <P Name="Src">1#rconn:1</P>
    <P Name="Dst">12#lconn:1</P>
  </Line>
  <Line LineType="Connection">
    <P Name="ZOrder">21</P>
    <P Name="Src">2#lconn:1</P>
    <P Name="Points">[-15, 0; 0, -25]</P>
    <P Name="Dst">12#rconn:1</P>
  </Line>
  <Line LineType="Connection">
    <P Name="ZOrder">22</P>
    <P Name="Src">8#rconn:1</P>
    <P Name="Points">[11, 0; 0, -75]</P>
    <P Name="Dst">13#lconn:1</P>
  </Line>
  <Line LineType="Connection">
    <P Name="ZOrder">32</P>
    <P Name="Src">84#lconn:1</P>
    <P Name="Points">[-9, 0; 0, 54; 90, 0; 0, -14]</P>
    <P Name="Dst">19#lconn:1</P>
  </Line>
  <Line LineType="Connection">
    <P Name="ZOrder">34</P>
    <P Name="Src">84#rconn:1</P>
    <P Name="Points">[159, 0; 0, -97; -166, 0; 0, 57]</P>
    <P Name="Dst">7#lconn:2</P>
  </Line>
  <Line LineType="Connection">
    <P Name="ZOrder">48</P>
    <P Name="Src">5#lconn:1</P>
    <P Name="Points">[-251, 0; 0, 46; -104, 0; 0, 99]</P>
    <P Name="Dst">81#lconn:1</P>
  </Line>
  <Line LineType="Connection">
    <P Name="ZOrder">49</P>
    <P Name="Src">18#rconn:1</P>
    <P Name="Points">[37, 0; 0, 16; 107, 0; 0, 99]</P>
    <P Name="Dst">81#rconn:1</P>
  </Line>
</System>
